,season,team,name,age,gp,gs,wins,losses,ties,goals_against,shots,saves,save_pct,goals_avg,shutouts,gps,minutes,quality_starts,quality_start_pct,really_bad_starts,ga_pct_minus,gs_above_avg,goals_scored,assists,points,plm,mpg,mean_mtrc,year_mean,final_mean_mtrc
35,1924,OTS,Clint Benedict*,31,0.6819498069498071,,0.45348837209302334,-0.2045223577235772,,1.0588235294117647,,,,-0.01873852975920395,0.18470149253731344,0.36932212080812216,1.3888699214749058,,,,,,,,,,0.6851170885728404,0.5181903840339966,0.5547866060587148,93.4
37,1924,OTS,Sammy Hebert,29,0.06199543699543701,,0.03023255813953489,-0.02921747967479674,,0.21176470588235294,,,,-0.04237355975699386,0.0,-0.007102348477079274,0.12290884260839875,,,,,,,,,,0.6669320740211959,0.12311345894981435,0.5547866060587148,22.19
44,1925,HAM,Jake Forbes,27,0.9703633616677099,,0.6338412189254211,-0.3223997757218951,-0.3032069970845481,1.6,,,,-0.023430007415514147,0.25697598961713175,0.5092787670521056,2.000545404963185,,,,,,0.0,0.0,0.0,-0.013101505292681857,0.986016129032258,0.5661041366817751,0.6077524801984729,93.15
50,1925,HAM,Jesse Spring,24,0.03234544538892366,,0.0,-0.0,-0.0,0.0,,,,-0.0,0.0,0.0,0.0021816198527406603,,,,,,1.0,1.0,1.0,-0.07205827910975021,0.03225806451612904,-0.0005273149351956857,0.6077524801984729,-0.09
53,1926,MTM,Clint Benedict*,33,0.8402205108087464,,0.5047522750252782,-0.26829268292682923,-0.4134640869334748,1.5077452667814115,,,,-0.024626987230888218,0.15553809897879028,0.41028293340277394,1.7477064220183487,,,,,,0.0,0.0,0.0,-0.0,0.7874914995680862,0.47426009744669645,0.5033432021261759,94.22
69,1927,MTL,George Hainsworth*,31,0.6432905208415415,,0.43582776882339397,-0.21059727924011903,-0.1094914156138646,0.9908987485779296,,,,-0.022959721982844655,0.17576821773485513,0.3387968592336089,1.2876360611868514,,,,,,,,,-0.0,0.6744566311595082,0.3767798621897466,0.40072004194294086,94.03
83,1928,MTL,George Hainsworth*,32,0.7405789758730937,,0.5154403354937097,-0.21074903371984538,-0.2151130722559294,0.8612440191387559,,,,-0.01768516152285145,0.16334145598537922,0.48901415743824495,1.4967105263157894,,,,,,0.0,0.0,0.0,-0.0,0.7193662846109699,0.4026708151863606,0.42572819953018104,94.58
97,1929,NYA,Jake Forbes,31,0.016717870650454922,,0.020970560559214955,-0.0,-0.0,0.07009345794392524,,,,-0.062106252167277734,0.0,-0.007751539947699071,0.03258508327299059,,,,,,0.0,,0.0,-0.0,0.7160071261735961,0.076554574592599,0.43807389158161253,17.48
101,1929,NYA,Normie Himes,25,0.016717870650454922,,0.0,-0.02026645989003242,-0.0,0.07009345794392524,,,,-0.062106252167277734,0.0,-0.007751539947699071,0.03258508327299059,,,,,,15.0,,15.0,-0.36778590069498857,0.7160071261735961,0.037749338534096906,0.43807389158161253,8.62
106,1929,NYA,Flat Walsh,31,0.18389657715500415,,0.06291168167764485,-0.08106583956012968,-0.09676819055889835,0.21028037383177567,,,,-0.015733583882377028,0.041389690204439986,0.13177617911088416,0.3855901520637219,,,,,,0.0,,0.0,-0.0,0.7702446659812461,0.15296100243456667,0.43807389158161253,34.92
107,1929,NYA,Roy Worters*,28,0.6352790847172871,,0.3355289689474393,-0.24319751868038908,-0.24192047639724584,1.074766355140187,,,,-0.02380739666412313,0.13451649316442996,0.3178131378556618,1.2979724837074584,,,,,,0.0,,0.0,-0.0,0.750554470011472,0.3701976632854738,0.43807389158161253,84.51
108,1930,MTM,Clint Benedict*,37,0.265854306394847,,0.10763423840253258,-0.10402034648618734,-0.04443550819342516,0.4573405073020753,,,,-0.029608344223313897,0.0,0.07906570746653054,0.4408096280087527,,,,,,,,,,0.5582302989156473,0.18035958324276963,0.5418884808032026,33.28
112,1930,MTM,Abbie Cox,25,0.01898959331391764,,0.02152684768050652,-0.0,-0.0,0.026133743274404302,,,,-0.020073453710721285,0.0,0.008785078607392282,0.037199124726477024,,,,,,,,,,0.6595088791190256,0.08117144059227727,0.5418884808032026,14.98
123,1930,MTM,Flat Walsh,32,0.6076669860453645,,0.36595641056861083,-0.22884476226961223,-0.17774203277370065,1.0061491160645657,,,,-0.02388740991575833,0.10734787600459242,0.2899075940439452,1.2021517140773157,,,,,,,,,,0.6660380170223039,0.3831985664776684,0.5418884808032026,70.72
133,1931,MTL,George Hainsworth*,35,0.7339370119639179,,0.5044148737719191,-0.18749184818051384,-0.2756427246223164,1.2666034155597723,,,,-0.02325947866486044,0.16696180116367315,0.3604466075680068,1.5032918800292612,,,,,,,0.0,0.0,,0.6945814819406562,0.47104757186195517,0.47104757186195517,100.0
147,1932,MTL,George Hainsworth*,36,1.2688609236832589,,0.8087690712487039,-0.4689684635699857,-0.31836734693877555,2.413793103448276,,,,-0.0053964354802274765,0.22485399091499025,0.5601852319949848,2.6163021868787277,,,,,,0.0,0.0,0.0,-0.006845997836035166,0.9393924284275538,0.7223809621522768,0.7268766620218614,99.38
151,1932,MTL,Albert Leduc,29,0.026434602576734564,,0.0,-0.03126456423799906,-0.0,0.0219435736677116,,,,-0.07392377370174626,0.0,-0.006224280355499832,0.001739562624254473,,,,,,3.28125,2.1724137931034484,2.7540983606557377,-0.20537993508105498,0.029980449947422206,-0.02366943645601773,0.7268766620218614,-3.26
172,1933,BOS,Tiny Thompson*,29,0.7644208011180491,,0.47291152397037806,-0.27421992097015935,-0.22945394373965805,1.2533062054933877,,,,-0.024095199307781,0.21426764482671387,0.3935022845553306,1.55902004454343,,,,,,0.0,0.0,0.0,-0.0,0.7291495568215641,0.43858974733408773,0.4441694356788618,98.74
177,1934,MTL,Lorne Chabot,33,0.8554232774416263,,0.4565455970734258,-0.4202064492555037,-0.19149915605339884,1.5553416746871993,,,,-0.0210673407516397,0.19825401295409742,0.38406757224242966,1.7276247372496958,,,,,,0.0,,0.0,-0.048728405649974625,0.7407729106571109,0.4779982833521642,0.5034191819045126,94.95
180,1934,MTL,Wilf Cude,23,0.5460148579414636,,0.3478442644368958,-0.1260619347766511,-0.2553322080711984,0.7237728585178056,,,,-0.014960865171454276,0.12390875809631091,0.3460828672953763,1.1328686801637349,,,,,,0.0,,0.0,-0.0,0.7610110482207311,0.32373040622161187,0.5034191819045126,64.31
202,1935,BOS,Tiny Thompson*,31,0.7147372320582484,,0.4325335302079489,-0.25723749300985066,-0.2189828312277292,1.3394664213431464,,,,-0.025566896967630242,0.16739830260462396,0.3077684340067685,1.4429868819374367,,,,,,0.0,0.0,0.0,-0.0,0.7291604392142427,0.4199730489959256,0.4283523380289299,98.04
210,1936,BOS,Percy Jackson,28,0.015458602471589486,,0.0,-0.0,-0.0,0.01444043321299639,,,,-0.025134369381389035,0.0,0.007080222780888994,0.019983347210657785,,,,,,,0.0,0.0,,0.442396766575195,0.05269166698554874,0.48340376217198283,10.9
214,1936,BOS,Tiny Thompson*,32,0.7420129186362954,,0.4041212834854284,-0.355047854276011,-0.16052135139770196,1.1841155234657041,,,,-0.028150493707155715,0.18586313714446634,0.3681715846062278,1.4637801831806827,,,,,,,12.0,12.0,,0.6751195856320763,0.4528159148093982,0.48340376217198283,93.67
221,1937,MTL,Wilf Cude,26,0.7935415935415938,,0.4542257515598413,-0.3392078128098353,-0.18950437317784258,1.4651162790697674,,,,-0.02804365166914041,0.15961857379767824,0.3480150753768843,1.599163179916318,,,,,,,0.0,0.0,-0.0,0.714438370332628,0.4523137234378051,0.48489224766081823,93.28
239,1938,BOS,Tiny Thompson*,34,0.6199543699543701,,0.46511627906976755,-0.16481655201167394,-0.14739229024943312,0.9156378600823044,,,,-0.022955988213377604,0.15961857379767827,0.33978994274118207,1.2416387959866222,,,,,,,,,,0.6645489719028154,0.4006692982211653,0.4160829993126766,96.3
240,1939,MTL,Claude Bourque,23,0.476887976887977,,0.1978858350951375,-0.2549889135254988,-0.15766763848396503,1.0590318772136953,,,,-0.02287879125466163,0.053358208955223876,0.15499129770125036,0.974063400576369,,,,,,0.0,0.0,0.0,-0.0,0.7721458417386348,0.30549432598090254,0.5131396378458123,59.53
244,1939,MTL,Wilf Cude,28,0.43873693873693886,,0.13192389006342498,-0.2549889135254988,-0.1970845481049563,1.1818181818181817,,,,-0.027713554689608993,0.053358208955223876,0.07970981024635733,0.8991354466858791,,,,,,0.0,0.0,0.0,-0.0,0.7747320353431759,0.2947703605465693,0.5131396378458123,57.44
253,1940,DET,Claude Bourque,24,0.6534355851863272,,0.17769340294257244,-0.4770200763232121,-0.12994585589337776,1.7634408602150538,,,,-0.03024977713910564,0.08691834942932397,0.101825784617624,1.3121387283236994,,,,,,0.0,0.0,0.0,-0.0,0.701400299898763,0.3981943898315096,0.4919752707242381,80.94
260,1940,DET,Alfie Moore,34,0.01766042122125209,,0.0,-0.019080803052928478,-0.0,0.04301075268817205,,,,-0.02792287120532828,0.0,0.00407303138470496,0.03468208092485549,,,,,,0.0,0.0,0.0,-0.0,0.6859548824619937,0.07383774944227214,0.4919752707242381,15.01
264,1940,DET,Tiny Thompson*,36,0.8123793761775961,,0.31589938300901754,-0.45793927327028366,-0.2598917117867555,1.7204301075268815,,,,-0.023641364287177943,0.08691834942932397,0.28103916554464214,1.6358381502890174,,,,,,0.0,0.0,0.0,-0.0,0.7033552713137796,0.44984880709370234,0.4919752707242381,91.44
267,1941,BOS,Frank Brimsek*,25,0.8451922298076144,,0.571991172975726,-0.16378849919886057,-0.3814539640741089,1.36,,,,-0.02287019381741597,0.26865671641791045,0.4456375515030132,1.730550284629981,,,,,,0.0,,0.0,-0.0,0.749107162577897,0.4831031287846031,0.4831031287846031,100.0
286,1942,BRO,Chuck Rayner*,21,0.6376673519530665,,0.24186046511627912,-0.37757973733583483,-0.15160349854227406,1.478510028653295,,,,-0.0345245661855502,0.049253731343283584,0.18198188268672869,1.287776708373436,,,,,,,,,,0.6711600205538844,0.4158491023888927,0.5417250870418119,76.76
287,1942,BRO,Earl Robertson,31,0.21255578398435546,,0.05581395348837211,-0.14383989993746088,-0.07580174927113703,0.5272206303724928,,,,-0.036613949153551796,0.0,0.05257254388727719,0.4331087584215592,,,,,,,,,,0.6771842516566217,0.18293181888446183,0.5417250870418119,33.77
292,1943,BOS,Frank Brimsek*,27,0.7439452439452441,,0.44272763106030755,-0.3030694501860272,-0.19187317784256563,1.4626038781163435,,,,-0.02564719743677876,0.06716417910447761,0.2931849451338324,1.495016611295681,,,,,,,,,,0.6709949136499074,0.46803554953112375,0.4761006737367409,98.31
299,1944,TOR,Paul Bibeault,24,0.6689740178112273,,0.3284970496355433,-0.34188812037374094,-0.13265306122448983,0.9942857142857144,,,,-0.021318249895263774,0.4420206659012629,0.37121608040201,1.3533333333333333,,,,,,,0.0,0.0,-0.0,0.6859647063237427,0.4019935086563796,0.6409477468919957,62.72
309,1944,TOR,Jean Marois,19,0.023068069579697488,,0.025269003818118713,-0.0,-0.0,0.045714285714285714,,,,-0.028424333193685033,0.0,0.010606173725771714,0.04666666666666666,,,,,,,0.0,0.0,-0.0,0.6859647063237427,0.07835955688164793,0.6409477468919957,12.23
315,1945,MTL,Bill Durnan*,29,0.8211316158336028,,0.691029900332226,-0.14059539091631515,-0.17835705710855773,1.0980036297640654,,,,-0.020129521436706106,0.0746268656716418,0.4990073181500804,1.6666666666666667,,,,,,,0.0,0.0,,0.6798865428310888,0.5000267410506186,0.5241344710058733,95.4
329,1946,CBH,Mike Karakas,34,0.9490862912789827,,0.5027650613440763,-0.41962742462070274,-0.27684117125110913,1.9880239520958085,,,,-0.02893600415966144,0.07577497129735937,0.3409127268998052,1.92,,,,,,,,,-0.0,0.6787669807010658,0.5227160322241547,0.5227160322241547,100.0
333,1946,CBH,Doug Stevenson,21,0.03954526213662428,,0.022852957333821654,-0.022085653927405413,-0.0,0.1437125748502994,,,,-0.05017804189536664,0.0,-0.004545503025330735,0.08,,,,,,,,,-0.0,0.6787669807010658,0.08652156188398866,0.5227160322241547,16.55
338,1947,MTL,Bill Durnan*,31,0.8266058266058269,,0.5339776502567202,-0.24284658430999886,-0.29154518950437325,1.2126537785588754,,,,-0.018973041869005763,0.16417910447761194,0.4640201005025125,1.6666666666666667,,,,,,,,,-0.0,0.67475,0.44555106611281153,0.46061901043573944,96.73
346,1948,NYR,Bob DeCourcy,20,0.01502919684737867,,0.0,-0.017610535694398036,-0.0,0.06267806267806267,,,,-0.08010638939843052,0.0,-0.013912224061947157,0.014769202277883238,,,,,,,,,-0.0,0.38345171163082364,0.036429902427937255,0.5018645446427178,7.26
349,1948,NYR,Jim Henry,27,0.7214014486741762,,0.3097801847722205,-0.3169896424991646,-0.31881323958154695,1.587844254510921,,,,-0.02066210369349266,0.07852044127190137,0.23998586506858846,1.4662252882077875,,,,,,,,,-0.0,0.7930706969622472,0.42305830089214175,0.5018645446427178,84.3
354,1948,NYR,Chuck Rayner*,27,0.18035036216854405,,0.07288945524052247,-0.12327374986078625,-0.0,0.4387464387464387,,,,-0.02379075030954202,0.0,0.03825861617035469,0.3519144404833557,,,,,,,,,-0.0,0.7613896520978523,0.1623595009496217,0.5018645446427178,32.35
363,1949,DET,Harry Lumley*,22,0.8266058266058269,,0.5410036719706244,-0.2921747967479674,-0.18950437317784258,1.4826175869120657,,,,-0.02951111765483946,0.16417910447761194,0.3750103022839416,1.6666666666666667,,,,,,,,,-0.43398736282008654,0.67475,0.4244651836545376,0.47468461239942494,89.42
369,1950,NYR,Emile Francis*,23,0.015314787286283724,,0.0,-0.01797998749218261,-0.0,0.09067131647776808,,,,-0.0843500347311964,0.0,-0.014089542043228317,0.030953609270209133,,,,,,,0.0,0.0,-0.0,0.684048677080883,0.07045688258485365,0.6004548953114867,11.73
375,1950,NYR,Chuck Rayner*,29,1.056720322753577,,0.5209302325581396,-0.5393996247654782,-0.26438171087250234,2.051438535309503,,,,-0.027624636374466823,0.15617036767382603,0.4332534178292708,2.1357990396444304,,,,,,,0.0,0.0,-0.2051576624240409,0.684048677080883,0.5480866725855001,0.6004548953114867,91.28
381,1951,BOS,Jack Gelineau,26,0.8207433739348636,,0.3224806201550388,-0.424981522542498,-0.3032069970845481,1.7387466902030009,,,,-0.027965437471685305,0.0912106135986733,0.2907513293342829,1.6663359657129253,,,,,,,,,-0.1052090576533543,0.688014576020534,0.44344395340521936,0.4631075496057021,95.75
397,1952,DET,Terry Sawchuk*,22,0.8226882634465572,,0.6187128177393186,-0.19025335602193227,-0.23937394506674858,1.2349117920148558,,,,-0.019460553702708078,0.2985074626865672,0.45630956833871666,1.6666666666666667,,,,,,,,,-0.09644163618224146,0.7648998176785663,0.46984540798583,0.4721687842662517,99.51
398,1953,DET,Red Almas,28,0.01298952013237728,,0.0,-0.0,-0.017740834935798026,0.03313253012048193,,,,-0.037531956437931134,0.0,0.003001953246796234,0.02619047619047619,,,,,,,,,-0.0,0.67475,0.06947916883164024,0.5063302673775989,13.72
399,1953,DET,Glenn Hall*,21,0.07793712079426367,,0.06528748751605082,-0.01577385405755898,-0.017740834935798026,0.11044176706827308,,,,-0.020892789083781664,0.01921244839631629,0.04502929870194352,0.15714285714285714,,,,,,,,,-0.0,0.67475,0.1030106014026515,0.5063302673775989,20.34
407,1953,DET,Terry Sawchuk*,23,0.8183397683397686,,0.5222999001284065,-0.23660781086338467,-0.28385335897276853,1.3142570281124497,,,,-0.023645132555896613,0.17291203556684664,0.42027345455147275,1.65,,,,,,,,,-0.16502235524516873,0.67475,0.4341403628933319,0.5063302673775989,85.74
411,1954,CBH,Jack Gelineau,29,0.028273453451600726,,0.0,-0.03169353727435579,-0.0,0.21664994984954866,,,,-0.09781188647306087,0.0,-0.039411875942174,0.05714739265021033,,,,,,,0.0,0.0,-0.0,0.7189547319865451,0.08521082282483142,0.5579154897574846,15.27
414,1954,CBH,Jean Marois,29,0.028273453451600726,,0.0,-0.03169353727435579,-0.0,0.13239719157472418,,,,-0.05977393062242607,0.0,-0.013137291980724669,0.05714739265021033,,,,,,,0.0,0.0,-0.0,0.7189547319865451,0.08321680097855738,0.5579154897574846,14.92
418,1954,CBH,Al Rollins,27,0.9330239639028239,,0.19676783602680337,-0.744798125947361,-0.19294990723562155,2.551654964894684,,,,-0.03488623950872505,0.08955223880597014,0.14122588879279016,1.8849115009127708,,,,,,,0.0,0.0,-0.24364202824987313,0.7185952546205515,0.510268751098801,0.5579154897574846,91.46
430,1955,TOR,Harry Lumley*,28,1.2135277028894051,,0.5215116279069768,-0.5259146341463413,-0.5002915451895044,1.8803418803418803,,,,-0.02231718060086056,0.2736318407960199,0.661253134072898,2.4710309401505195,,,,,,,0.0,0.0,-0.31247090123046234,0.6870703671645373,0.5825861604248093,0.6216486538638598,93.72
431,1955,TOR,Gilles Mayer,24,0.017587358012889936,,0.02267441860465117,-0.0,-0.0,0.014245014245014244,,,,-0.011684387749141656,0.0,0.012245428408757367,0.03583801218492414,,,,,,,0.0,0.0,-0.0,0.6875631207343968,0.07557945458368409,0.6216486538638598,12.16
442,1956,MTL,Bob Perreault,25,0.09188872371770235,,0.054523457453958875,-0.05269279571408429,-0.0,0.14913957934990438,0.17491493968450356,0.17718324078748107,1.7314293120155044,-0.028745405395872833,0.024817771607080878,0.046590854638579225,0.18578063594140765,,,,-0.0,-0.0,,,,-0.0,0.7184305792163542,0.2205107119520443,0.540741205213454,40.78
443,1956,MTL,Jacques Plante*,27,0.9801463863221587,,0.7633284043554242,-0.21077118285633717,-0.2663304704121031,1.4789674952198852,1.697881224868543,1.717146222446576,1.729569559800665,-0.026733227018161734,0.17372440124956612,0.541170696186574,1.9816601167083483,,,,-0.6126760563380282,-0.04629775097200733,,,,-0.12132980035830375,0.7184305792163542,0.4861177497498932,0.540741205213454,89.9
452,1957,DET,Glenn Hall*,25,0.8266058266058269,,0.5406292749658004,-0.27498804399808696,-0.2274052478134111,1.3913824057450628,1.721298369043812,1.753554502369668,1.7667764636527763,-0.024918601517344905,0.10945273631840796,0.40565270607148385,1.6667990153259749,,,,-0.40423212351029253,0.03145514112207866,,0.0,0.0,-0.01753484294222572,0.6748726611530002,0.45568600740101933,0.45568600740101933,100.0
469,1958,DET,Terry Sawchuk*,28,1.1517635688251806,,0.5579281183932348,-0.5391953067257944,-0.3745498199279712,2.4712939160239933,2.380833072345756,2.3717363205514865,1.7484992521966733,-0.02739388224318728,0.09318273497377974,0.3984978567486482,2.3334259737166003,,,,-0.6650981403293905,-0.007347028366524734,,,,-0.3805060918462981,0.7047630825326964,0.5313335473521851,0.5537267410628626,95.96
476,1959,NYR,Bruce Gamble,20,0.05627954564124779,,0.0,-0.06338707454871158,-0.0,0.1461794019933555,0.13089993706733793,0.12930135557872785,1.7448617563739381,-0.03211548619839074,0.0,0.01308058424555607,0.11431746913825268,,,,-0.0,0.0,,0.0,0.0,-0.0,0.7636013844224184,0.21098596777443587,0.5953386870980718,35.44
480,1959,NYR,Julian Klymkiw,25,0.018759848547082597,,0.0,-0.0,-0.0,0.026578073089701,0.01132787916928886,0.0097323600973236,1.5184591123701607,-0.05574268312908692,0.0,-0.00436019474851869,0.01206684396459334,,,,-0.0,0.0,,0.0,0.0,-0.0,0.24180710506709918,0.13519754655084854,0.5953386870980718,22.71
482,1959,NYR,Marcel Paille,26,0.018759848547082597,,0.0,-0.0,-0.036752363282975535,0.053156146179402,0.04027690371302706,0.038929440389294405,1.7077785646836638,-0.035003254712142495,0.0,0.00436019474851869,0.03810582304608423,,,,-0.0,0.0,,0.0,0.0,-0.0,0.7636013844224184,0.19338510335631165,0.5953386870980718,32.48
488,1959,NYR,Gump Worsley*,29,1.2381500041074514,,0.568440415188543,-0.6127417206375452,-0.4042759961127308,2.564784053156146,2.6456891126494653,2.654153632255822,1.7721862134088766,-0.025727392213424734,0.09381663113006396,0.45346025384594385,2.5010121859246617,,,,-0.7974555580189382,0.008431147044221198,,0.0,0.0,-0.23739479675628664,0.759363396738874,0.5625852632013318,0.5953386870980718,94.5
489,1960,DET,Gilles Boisvert,26,0.053012725221751364,,0.0,-0.06044995794785533,-0.0,0.11020408163265304,0.09273919927618184,0.09096195381292574,1.7170148222819601,-0.027656304415778602,0.0,0.02046786304633796,0.10724073559200856,,,,-0.0,0.0,,0.0,0.0,-0.0,0.69140596981279,0.20086461040183592,0.589680963991412,34.06
498,1960,DET,Dennis Riggin,23,0.15903817566525408,,0.041700080192461915,-0.12089991589571066,-0.0315840621963071,0.3795918367346939,0.283872427052703,0.2741319156005981,1.6900056003584232,-0.03189693775953133,0.049253731343283584,0.04093572609267592,0.3205306430472256,,,,-0.0,0.0,,0.0,0.0,-0.0,0.6888477677244825,0.24183250500880688,0.589680963991412,41.01
500,1960,DET,Terry Sawchuk*,30,1.0249126876205263,,0.500400962309543,-0.40299971965236886,-0.44217687074829937,1.8857142857142857,1.9045464826962224,1.9064628675859776,1.7536701948924738,-0.02452192324865703,0.24626865671641793,0.4502929870194352,2.070937760654566,,,,-0.6361306664682715,0.0018668939096382565,,0.0,0.0,-0.32923179248420353,0.6906108529475055,0.4837856420671576,0.589680963991412,82.04
508,1961,MTL,Charlie Hodge,27,0.5251378192554664,,0.3818849449204407,-0.16402795606903434,-0.11661807580174927,0.8922829581993569,0.972756884809002,0.9809197651663404,1.8700912682734097,-0.026109317335481653,0.25923016496465046,0.2597665916145105,1.0712157921912857,,,,-0.6034539022830216,0.009782290202951098,0.0,0.0,0.0,-0.0,0.740287642465832,0.36289117505216734,0.6086174803860879,59.63
513,1961,MTL,Jacques Plante*,32,0.7001837590072886,,0.4879640962872298,-0.2255384395949222,-0.17492711370262387,1.35048231511254,1.2970091797453362,1.2915851272015657,1.8455922560252862,-0.029597606696092554,0.12961508248232523,0.2968761047022977,1.4298764745601145,,,,-0.6821652808416766,-0.006497083298211899,0.0,0.0,0.0,-0.020422934720945245,0.7411152211294265,0.41189175032036973,0.6086174803860879,67.68
529,1962,MTL,Jacques Plante*,33,1.1517635688251806,,0.8173215717722536,-0.26329315017288096,-0.41269841269841256,1.8592,2.2762514113662022,2.3195679268799334,1.7665741857819404,-0.02166748715897486,0.15851775604734947,0.5977467851229722,2.333333333333333,,,,-0.4560491152040448,0.05478612602185037,,0.0,0.0,-0.14176920518789493,0.7194135939582407,0.5650659983591274,0.5688438637071621,99.34
533,1963,DET,Hank Bassen,30,0.294117887141143,,0.133542588101013,-0.12905880592548252,-0.12096023819862292,0.6341463414634146,0.5686245130356608,0.5619739230896188,1.707316653160454,-0.03189079457349349,0.0,0.09456093486125802,0.5835649067090115,,,,-0.6499281916903928,-0.21584331844029173,,7.5,7.5,-0.2095111406717659,0.6973152390337066,0.20414072868222605,0.6355967335879981,32.12
543,1963,DET,Dennis Riggin,26,0.15570946966295807,,0.1112854900841775,-0.06452940296274126,-0.024192047639724587,0.2682926829268293,0.24048546598741385,0.2376629806898828,1.707316653160454,-0.028882229047692217,0.0,0.053447484921580635,0.27332274712187377,,,,-0.0,0.0,,0.0,0.0,-0.0,0.6169111521973221,0.2274920392569892,0.6355967335879981,35.79
544,1963,DET,Terry Sawchuk*,33,0.8304505048691098,,0.4673990583535455,-0.34415681580128676,-0.1693443334780721,1.4268292682926829,1.492358405753671,1.4990097375804587,1.7358670988654783,-0.02547252145178411,0.19442262372348784,0.38235508443899985,1.6435093290988487,,,,-0.5570813071631938,0.21584331844029173,,0.0,0.0,-0.2095111406717659,0.6955370833597257,0.4476344763478864,0.6355967335879981,70.43
554,1964,MTL,Charlie Hodge,30,1.0852848264612978,,0.6841196013289039,-0.36062717770034836,-0.35735110370678885,1.8213356461405037,1.9094473894415802,1.917498811222064,1.7783443064492,-0.019284875481205742,0.24626865671641793,0.5468088841977096,2.214900964553646,,,,-0.6963516339539924,0.004933535538101729,,0.0,0.0,-0.10849684070502164,0.7209466598601498,0.5289778344899745,0.5733598746083255,92.26
556,1964,MTL,Jean-Guy Morissette,26,0.01750459397518221,,0.0,-0.02003484320557491,-0.0,0.052038161318300094,0.01851717377096797,0.01545411317165953,1.4787319504713456,-0.05631866290971587,0.0,-0.004111344993967741,0.02143452546342238,,,,-0.0,0.0,,0.0,0.0,-0.0,0.4325679959160899,0.14783172123346783,0.5733598746083255,25.78
562,1964,MTL,Gump Worsley*,34,0.14003675180145772,,0.062192691029900354,-0.04006968641114982,-0.06497292794668888,0.2862098872506505,0.2200275942197371,0.21398002853067047,1.7222878011372142,-0.025428729616811106,0.03078358208955224,0.0411134499396774,0.2643591473822093,,,,-0.0,0.0,,0.0,0.0,-0.0,0.6668756603706386,0.2323996104612885,0.5733598746083255,40.53
565,1965,CBH,Denis DeJordy,26,0.41814252587086315,,0.2405242194526533,-0.18595876566500466,-0.09409872323313562,0.7430962343096235,0.8194136109622598,0.8270980788675429,1.7590230162413,-0.02387185231310691,0.10945273631840796,0.19021585531687057,0.8375749394528924,,,,-0.3977845173229156,0.03327744842168341,,2.4,2.4,-0.0,0.7126120768114766,0.3155139210929966,0.5175701102261351,60.96
566,1965,CBH,Glenn Hall*,33,0.5714614520235131,,0.3046640113066941,-0.2479450208866729,-0.15683120538855935,0.994142259414226,1.182270535099135,1.2012133468149646,1.7705324361948964,-0.02302265598576319,0.14593698175787728,0.27548503183822637,1.1620280303331083,,,,-0.367185708298076,0.08201139591291189,,0.0,0.0,-0.024799277875433515,0.7234107035044559,0.3773249555803624,0.5175701102261351,72.9
579,1966,CBH,Dave Dryden,24,0.22485112940644397,,0.07574750830564786,-0.07320423478960063,-0.0,0.3451816745655608,0.3276853252647504,0.3258323573699181,1.723425638997911,-0.028544054243411745,0.0,0.06213277516639133,0.3425598665660617,,,,-0.0,0.0,,2.375,2.375,-0.0,0.5610303647920777,0.24287947388164877,0.6332350474948337,38.36
583,1966,CBH,Glenn Hall*,34,1.3082247529102196,,0.8584717607973423,-0.5368310551237379,-0.41149521032902964,2.4612954186413902,2.8183812405446296,2.8561987619206963,1.7560154452970926,-0.024694362717162133,0.24955223880597016,0.6523941392471091,2.825741630594496,,,,-0.5829914934018353,0.03542858147065137,,4.75,4.75,-0.2960016372054949,0.7954171692431665,0.6332350474948337,0.6332350474948337,100.0
599,1967,CBH,Denis DeJordy,28,0.905295813592757,,0.5647914771989089,-0.2977244856247444,-0.3252139565503621,1.5909822866344607,1.9197961172325912,1.9535498801553848,1.7664339814814818,-0.023720270435512045,0.21513124034997427,0.4673406790112769,1.91313155386082,,,,-0.4430710828060443,0.039876638702250514,,0.0,0.0,-0.0,0.7191435651758218,0.5021235356455522,0.6807524252233824,73.76
603,1967,CBH,Glenn Hall*,35,0.6583969553401869,,0.4877744575808759,-0.12405186901031019,-0.23229568325025868,1.0096618357487923,1.2005846638183044,1.220183486238532,1.7645201851851857,-0.022948879527040108,0.10756562017498714,0.31675312688542095,1.2565538608198286,,,,-0.44840928862298457,0.023157768776365124,,0.0,0.0,-0.2617701553517982,0.6494560148516537,0.36127611477077143,0.6807524252233824,53.07
621,1968,CBH,Denis DeJordy,29,0.7949776822579304,,0.427856420626896,-0.2756605691056909,-0.43286788399570353,1.6268962689626898,1.6557863501483683,1.6586599241466498,1.7360637097445784,-0.027827410444370485,0.13755546591367487,0.3214934834251717,1.6527041755928893,,,,-0.5230254382633078,0.003061427433959951,,0.0,0.0,-0.0,0.716211899121002,0.4407371392802173,0.5687942178675277,77.49
622,1968,CBH,Dave Dryden,26,0.42928794841928253,,0.18336703741152682,-0.17721036585365849,-0.061838269142243385,0.8769987699877,0.7910979228486648,0.7825537294563844,1.7151013597915705,-0.033577724041731184,0.03438886647841872,0.09242937648473686,0.7375126846318638,,,,-0.592406363747216,-0.009116849979545934,,0.0,0.0,-0.0,0.5918656985880272,0.2771873178167081,0.5687942178675277,48.73
634,1968,CBH,Jack Norris,25,0.11129687551611031,,0.04074823053589485,-0.0590701219512195,-0.0,0.2796227962279623,0.19317507418397628,0.1845764854614412,1.6560256462876386,-0.04056024769566916,0.03438886647841872,0.008037337085629292,0.19457285676701624,,,,-0.0,0.0,,0.0,0.0,-0.0,0.6022794246503259,0.21435334102817022,0.5687942178675277,37.69
648,1969,BOS,Gerry Cheevers*,28,0.9949480893643334,,0.654746272320059,-0.28122787824184303,-0.4863125212979441,2.050614067733532,2.1253115716870967,2.132857142857143,1.7253072964891971,-0.029870986364858135,0.1534132615610472,0.4456227166977036,2.1623075937551475,,,,-0.542231336354227,0.015555552291148588,,0.0,0.0,-0.3274911730784199,0.8082863179229337,0.5145323846521346,0.6776139928829077,75.93
664,1969,BOS,Eddie Johnston,33,0.4592068104758461,,0.3637479290666995,-0.14061393912092152,-0.11222596645337171,1.0465202828433195,0.9367978966777069,0.9257142857142856,1.7006871045524692,-0.03296476709550416,0.10227550770736478,0.17249911614104654,1.0008236176949687,,,,-0.6326032257465982,-0.022861948064263834,,4.75,4.75,-0.0,0.8105845830270832,0.3347174750739569,0.6776139928829077,49.4
665,1969,BOS,Joe Junkin,22,0.019133617103160253,,0.0,-0.0,-0.0,0.0,0.005190016048075939,0.005714285714285714,1.8938609182098765,-0.0,0.0,0.004791642115029071,0.006259494481761444,,,,-0.0,0.0,,0.0,0.0,-0.0,0.121672858454981,0.15736296387421603,0.6776139928829077,23.22
685,1970,BOS,Gerry Cheevers*,29,0.7201803264303267,,0.5407072316024213,-0.17418420759550057,-0.22657226155768428,1.401526717557252,1.5273325941605351,1.5394761080204842,1.7585489206203984,-0.02569228825708976,0.16179969716634224,0.3078627547036753,1.483183897529735,,,,-0.5141324560084961,0.013848271504648475,,0.0,0.0,-0.0672618590809479,0.710239635966346,0.42687285761376975,0.610305260898749,69.94
700,1970,BOS,Eddie Johnston,34,0.6499188311688314,,0.3604714877349476,-0.19595723354493816,-0.3115368596418159,1.401526717557252,1.314854013372308,1.3064878605902073,1.7336728205463339,-0.02814816875225275,0.12134977287475666,0.23944880921396966,1.352534309240622,,,,-0.5979583999229249,-0.009546589644071395,,3.7777777777777777,3.7777777777777777,-0.03363092954047394,0.717702856438527,0.3876443027687551,0.610305260898749,63.52
718,1971,BOS,Gerry Cheevers*,30,0.6881388607276935,,0.5820424671385238,-0.16666666666666663,-0.18069021628584991,1.3284780023781213,1.5636792452830188,1.5888740287861418,1.7685595400480134,-0.0240376935013347,0.171135846192765,0.3421380437592083,1.5022470192601651,,,,-0.46332234035375963,0.025130460363784746,,0.0,0.0,-0.06730395035696851,0.7798189764903282,0.43874045246580784,0.5898355363191822,74.38
736,1971,BOS,Eddie Johnston,35,0.6537319176913088,,0.6467138523761377,-0.12499999999999997,-0.07227608651433996,1.1700356718192628,1.3089622641509433,1.3238440962934657,1.7608533982613122,-0.02227669031442373,0.22818112825702,0.35513062769943143,1.4270406603485173,,,,-0.4851257446057013,0.014843898867727771,,3.416666666666667,3.416666666666667,-0.10095592553545277,0.7797669234923146,0.4295345984205366,0.5898355363191822,72.82
761,1972,BOS,Gerry Cheevers*,31,0.7137967780091069,,0.5897346583341874,-0.10554331864904548,-0.2702497147927494,1.2582801580066851,1.5337989818870603,1.5635308390989278,1.7728962688060548,-0.023378981082504705,0.1068467187870173,0.36935921570783453,1.5164529489981506,,,,-0.40199169537463453,0.02636149318989516,,2.7333333333333334,2.7333333333333334,-0.33699776279590055,0.7251352470919259,0.4116128735309105,0.6020501764150699,68.37
777,1972,BOS,Eddie Johnston,36,0.6615677454718553,,0.5897346583341874,-0.16886930983847284,-0.10134364304728102,1.2707383773928898,1.2207292529892269,1.2153326556710495,1.732427984409395,-0.025342815493435103,0.1068467187870173,0.3172143852549638,1.4149383300982743,,,,-0.5098431258409999,-0.004778914452598534,,5.466666666666668,5.466666666666668,-0.0,0.7300125629819961,0.41719756120950807,0.6020501764150699,69.3
799,1973,PHI,Michel Belhumeur,23,0.387120828297299,,0.18240873067428875,-0.13710996048507967,-0.11762340404141954,0.6694768162658071,0.716294308859192,0.7217311180857496,1.7412713334991914,-0.029386976739478387,0.0,0.1287560250230745,0.6711566500354472,,,,-0.4307363007242096,0.17059301380991063,,1.6071428571428572,1.6071428571428572,-0.03214721206074715,0.5889259442486879,0.2777151351637295,0.6510673705057927,42.66
816,1973,PHI,Doug Favell,27,0.7405789758730937,,0.4053527348317527,-0.29380705818231356,-0.15683120538855935,1.2720059509050334,1.5846705536350034,1.62097958478505,1.7663394700833435,-0.025747722654094064,0.1539179104477612,0.33227361296277297,1.4524672614668468,,,,-0.37052585008534167,1.1380991064175467,,3.2142857142857144,3.2142857142857144,-0.0642944241214943,0.6662256633636349,0.5085155146990947,0.6510673705057927,78.1
837,1973,PHI,Bobby Taylor,28,0.387120828297299,,0.16214109393270107,-0.15669709769723392,-0.15683120538855935,0.8703198611455493,0.8091687735410971,0.8020674364364075,1.7123465605174772,-0.03730235437518928,0.0,0.07060814275458925,0.6868069396326864,,,,-0.5002098976152112,-0.22258326563769296,,1.6071428571428572,1.6071428571428572,-0.0,0.6026656868730796,0.25048032296206113,0.6510673705057927,38.47
844,1974,BOS,Ken Broderick,31,0.0910877485090379,,0.04558139534883723,-0.0440509693558474,-0.035714285714285726,0.1991869918699187,0.16445125657355775,0.16041881728358648,1.7130963600331337,-0.026891583602665813,0.0,0.036180904522613064,0.1966739360207645,,,,-0.0,0.0,,2.333333333333333,2.333333333333333,-0.0,0.7682600527544263,0.2229099350028535,0.6756096602650001,32.99
846,1974,BOS,Ross Brooks,36,0.3825685437379592,,0.36465116279069787,-0.06607645403377109,-0.0,0.5726626016260162,0.7199598319283317,0.7370594307624244,1.7973791328951751,-0.019832542906966035,0.19154228855721392,0.2080402010050251,0.7670283504809815,,,,-0.4481749958735584,0.009509361718653717,,0.0,0.0,-0.022958575738930356,0.7133806763193352,0.31423604521439485,0.6756096602650001,46.51
863,1974,BOS,Gilles Gilbert,24,0.9837476838976094,,0.7748837209302326,-0.26430581613508436,-0.2857142857142858,1.9669715447154472,2.0744166380381066,2.0868898392567465,1.7660181011325546,-0.024874714832465877,0.38308457711442784,0.4432160804020101,2.1024443760619724,,,,-0.5322078075998506,0.006937091431274858,,2.333333333333333,2.333333333333333,-0.1033135908251866,0.7604366045505436,0.5540338341691512,0.6756096602650001,82.01
927,1975,PHI,Bernie Parent*,29,1.1205220872973318,,0.906068253290368,-0.2786147644448063,-0.28754547864009833,1.438542310067943,1.9282665160926031,1.9886092648028817,1.798677391653469,-0.016776102983148643,0.5910447761194029,0.7606308512963474,2.385083449235049,,,,-0.41519824177844067,0.028894060571132273,,0.0,0.0,-0.1480182604226502,0.7417379326841347,0.5937676931273589,0.5937676931273589,100.0
937,1975,PHI,Wayne Stephenson,30,0.19773919187599975,,0.14414722211437672,-0.039802109206400905,-0.03194949762667759,0.304508956145769,0.31561829474872954,0.31698716322492265,1.7516531461200455,-0.022450373109801858,0.049253731343283584,0.09405650311729027,0.3771210013908206,,,,-0.0,0.0,,0.0,0.0,-0.0,0.6645990877181128,0.257286895212957,0.5937676931273589,43.33
938,1975,PHI,Bobby Taylor,30,0.04943479796899994,,0.0,-0.039802109206400905,-0.03194949762667759,0.1365040148239654,0.08063241106719367,0.07374803389314527,1.5949056610086323,-0.053617740906926045,0.0,-0.008178826358025242,0.07093184979137691,,,,-0.0,0.0,,0.0,0.0,-0.018502282552831276,0.5000087179777779,0.16921035268614554,0.5937676931273589,28.5
961,1976,PHI,Gary Inness,26,0.4303547034391829,,0.2115281295571418,-0.183983337358126,-0.07048232826965373,0.9298245614035088,0.9033680287259671,0.9000944914063896,1.750643848326956,-0.030798407316996287,0.0,0.11859223786200442,0.815687229625506,,,,-0.5796435939697103,-0.0027807874238217315,,0.0,0.0,-0.029347789766461997,0.6551240371932113,0.29255310567273846,0.5922346484050667,49.4
973,1976,PHI,Jerome Mrazek,24,0.017214188137567317,,0.0,-0.0,-0.0,0.010939112487100102,0.002408981409935912,0.001353525550987052,0.9868341873319931,-0.07659499736388402,0.0,0.0,0.003688111060853833,,,,-0.0,0.0,,0.0,0.0,-0.0,0.07405320691709247,0.07816413912082483,0.5922346484050667,13.2
976,1976,PHI,Bernie Parent*,30,0.18935606951324047,,0.1269168777342851,-0.04088518607958355,-0.07048232826965373,0.2625386996904025,0.31196309258670063,0.31807850448195724,1.790117215820236,-0.01884798364451596,0.0,0.11012136372900411,0.3774166985607089,,,,-0.0,0.0,,0.0,0.0,-0.029347789766461997,0.6889169839497113,0.2506849033463914,0.5922346484050667,42.33
989,1976,PHI,Wayne Stephenson,31,1.1361364170794426,,0.8461125182285671,-0.20442593039791776,-0.4933762978875761,1.7940144478844169,2.136766510613154,2.1791761370891543,1.7920908841948997,-0.020692679916106883,0.0669345579793341,0.6226092487755231,2.3425652088189928,,,,-0.47271904750927835,0.03600085536708052,,0.0,0.0,-0.16141284371554096,0.7126633789677922,0.550029861510851,0.5922346484050667,92.87
1003,1977,MTL,Ken Dryden*,29,0.9577226128950269,,0.8658365579862842,-0.12245348977377746,-0.284424262751877,1.3134929040457528,1.7888896610836982,1.847266295583416,1.7983177736856386,-0.018468813147493757,0.5577879831611177,0.6074616911585137,2.0121838121073012,,,,-0.42741166679957143,0.05753819120217085,,3.117647058823529,3.117647058823529,-0.0,0.7419732905835089,0.5533630789512547,0.6041288370095631,91.6
1017,1977,MTL,Michel Larocque,24,0.4446569274155481,,0.40124133174974147,-0.04081782992459249,-0.1422121313759385,0.5950010590976488,0.7268515301040146,0.7430421890443739,1.7787708413629686,-0.018037298821617732,0.223115193264447,0.28886290208936316,0.9363566808096264,,,,-0.48010625585705285,0.01595037460952741,,0.0,0.0,-0.0,0.74366068923006,0.33424624245384515,0.6041288370095631,55.33
1057,1978,MTL,Ken Dryden*,30,0.9016328462238754,,0.8066128777092234,-0.1474787069299264,-0.2130488559059988,1.189102564102564,1.684138029306291,1.7460389558340237,1.803346963626365,-0.017730394056195614,0.32468255736244156,0.5814816326096981,1.8855066247812025,,,,-0.37140819625368454,0.4752295497624503,,2.717948717948718,2.717948717948718,-0.0,0.750431894843245,0.5509037292435413,0.6396607278638953,86.12
1071,1978,MTL,Michel Larocque,25,0.5201727958983897,,0.479607657016295,-0.06320516011282559,-0.12174220337485646,0.872008547008547,0.9264017859263304,0.9332033024287281,1.7505374538455494,-0.023092757136605996,0.0649365114724883,0.2631522716919802,1.0616342286158091,,,,-0.4917235274344556,0.05218718459985727,,5.435897435897436,5.435897435897436,-0.0,0.7323891821781277,0.3551734251732312,0.6396607278638953,55.53
1138,1979,NYI,Glenn Resch,30,0.7420469842181745,,0.5525810275064373,-0.14377670138740048,-0.34144932104115777,1.1310285958173285,1.5474639133921408,1.6028735305809532,1.8118181992557645,-0.019779117466692676,0.15786452353616534,0.43217869927641217,1.5591048037614936,,,,-0.3782070731000228,0.030519214573524453,,2.127659574468085,2.127659574468085,-0.04372668643023542,0.7449278256527032,0.43711922666661973,0.5799976572594209,75.37
1142,1979,NYI,Billy Smith*,28,0.6730193577792744,,0.531327911063882,-0.1643162301570291,-0.1365797284164631,1.1523687580025608,1.345729751403368,1.3714577772729857,1.7820837649134929,-0.022706426851763196,0.07893226176808267,0.33896368570699,1.3847796997188702,,,,-0.4455590176246844,0.01416879754220505,,2.127659574468085,2.127659574468085,-0.28422346179653024,0.7294920433842265,0.3923402695360949,0.5799976572594209,67.65
1161,1980,EDM,Jim Corsi,25,0.4959634959634961,,0.1912707403211835,-0.32348521909287853,-0.11049973309243216,0.9889483681574855,0.9226320915510104,0.913802221047065,1.726912492310762,-0.03000775601620494,0.0,0.15676284970129165,0.9332484684541332,,,,-0.5843776285480836,-0.010589799572177505,0.0,4.928571428571427,4.813953488372093,-0.053235783172597285,0.6553362254663602,0.295767383119935,0.6820826667505602,43.36
1164,1980,EDM,Don Cutts,26,0.1144531144531145,,0.023908842540147936,-0.0462121741561255,-0.03683324436414405,0.19064064928337074,0.19880691502313125,0.19989423585404548,1.7525988337295721,-0.029269860376462193,0.0,0.03325272569421338,0.1845910573633543,,,,-0.0,0.0,0.0,0.0,0.0,-0.053235783172597285,0.561686338539675,0.20551320438415155,0.6820826667505602,30.13
1167,1980,EDM,Dave Dryden,38,0.26705726705726707,,0.04781768508029587,-0.16174260954643926,-0.11049973309243216,0.6314971507511655,0.4914170927684442,0.4727657324167107,1.6775156818899735,-0.035173025494404146,0.0,0.05700467261865151,0.5084831728856711,,,,-0.7045300381561007,-0.022358356008762553,0.0,0.0,0.0,-0.0,0.6631163699187309,0.21310542714025546,0.6820826667505602,31.24
1168,1980,EDM,Bob Dupuis,27,0.019075519075519083,,0.0,-0.02310608707806275,-0.0,0.047660162320842685,0.04900170440710981,0.049180327868852465,1.7506229613127404,-0.0332053037884235,0.0,0.004750389384887625,0.040486514440289605,,,,-0.0,0.0,0.0,0.0,0.0,-0.0,0.739176365040056,0.1958046554390653,0.6820826667505602,28.71
1190,1980,EDM,Ron Low,29,0.4959634959634961,,0.3108149530219232,-0.20795478370256476,-0.11049973309243216,1.048523571058539,1.1200389578767955,1.129561078794289,1.758526450980066,-0.029351848780878056,0.0,0.18051479662572978,1.0121628610072402,,,,-0.5133784774160733,0.011407324494266608,0.0,4.928571428571427,4.813953488372093,-0.0,0.7107493960184306,0.3351279271658324,0.6820826667505602,49.13
1196,1980,EDM,Eddie Mio,26,0.6485676485676487,,0.21517958286133143,-0.30037913201481575,-0.1841662218207203,1.4298048696252803,1.2698441684928172,1.2485457429931253,1.7150572578097725,-0.03459910666349312,0.0976582604220278,0.13776129216174113,1.1706778582226112,,,,-0.6171464675320882,-0.02553339465966676,0.0,1.6428571428571428,1.6046511627906976,-0.03549052211506486,0.6286256490211839,0.3562183070018782,0.6820826667505602,52.23
1235,1981,EDM,Gary Edwards,33,0.2901179224299002,,0.1254091300602929,-0.07271906052393856,-0.12863327149041437,0.4864181933038534,0.4477086470944902,0.4422368567920527,1.7164071157411984,-0.02702282780198621,0.0,0.10138822297942734,0.5067067047160712,,,,-0.6244799988628272,-0.004914202043906908,,2.1538461538461537,2.1538461538461537,-0.0,0.6004249828568614,0.21874567548494148,0.6346402394002943,34.47
1255,1981,EDM,Pete LoPresti,26,0.03868238965732002,,0.0,-0.024239686841312856,-0.0,0.08843967150979154,0.06161128171025095,0.057818953008148224,1.631082831374873,-0.03431824687800452,0.0,0.009656021236135938,0.0723866721022959,,,,-0.0,0.0,,0.0,0.0,-0.0,0.6433169000176538,0.18653896555221175,0.6346402394002943,29.39
1257,1981,EDM,Ron Low,30,0.46418867588784035,,0.1254091300602929,-0.31511592893706714,-0.09647495361781078,1.0281111813013266,0.8858333170340525,0.8657216207165979,1.698548544594758,-0.03305271499747074,0.0,0.11587225483363126,0.8756003221604637,,,,-0.664584218973284,-0.01807022294430911,,3.2307692307692313,3.2307692307692313,-0.0,0.6484758066966416,0.28488451892343997,0.6346402394002943,44.89
1264,1981,EDM,Eddie Mio,27,0.8316713776323806,,0.4013092161929373,-0.3635953026196928,-0.28942486085343233,1.713518635502211,1.5950476264987188,1.5783011496818842,1.7203756871070737,-0.02903279020048105,0.0,0.29933665832021406,1.6614133298863492,,,,-0.6130216502598396,-0.01505149883162344,,5.384615384615384,5.384615384615384,-0.08587735801386871,0.6867655337265385,0.4243905970304484,0.6346402394002943,66.87
1265,1981,EDM,Andy Moog,20,0.13538836380062008,,0.07524547803617572,-0.07271906052393856,-0.0,0.22109917877447885,0.2327537309053925,0.2344011608438442,1.7501399723511408,-0.02843724578611221,0.0,0.038624084944543745,0.21855206769347027,,,,-0.0,0.0,,1.0769230769230769,1.0769230769230769,-0.0,0.5549474266171519,0.21673806060548884,0.6346402394002943,34.15
1304,1982,EDM,Grant Fuhr*,19,0.8767926089354663,,0.6458932652238206,-0.1114655293951783,-0.4732487589630448,1.5628959276018102,1.9445626545517285,2.0001317609855715,1.7689781486102447,-0.025665134613888373,0.0,0.44935119776553845,1.864106615783668,,,,-0.48728517482790684,0.03993001312253966,,5.739130434782608,5.739130434782608,-0.07612801580365637,0.7456713750130444,0.4718410210175874,0.6038462070341194,78.14
1322,1982,EDM,Ron Low,31,0.5297288678985109,,0.39214948245731956,-0.15605174115324966,-0.03380348278307463,0.9954751131221721,1.0058082695957216,1.0073127346992554,1.7217003361752277,-0.02992973402102994,0.0,0.19971164345135034,1.0192898243940254,,,,-0.6030154038495349,0.0010831302464121347,,0.0,0.0,-0.025376005267885453,0.6748673540982468,0.33028306940855157,0.6038462070341194,54.7
1331,1982,EDM,Andy Moog,21,0.14613210148924438,,0.06920284984540935,-0.1114655293951783,-0.0,0.318552036199095,0.2542986945770315,0.2449436721786679,1.656693344077078,-0.037373398440767966,0.0,0.031772306912714834,0.2610536358486629,,,,-0.0,0.0,,0.9565217391304348,0.9565217391304348,-0.025376005267885453,0.6265563928337211,0.2205034526351296,0.6038462070341194,36.52
1373,1983,EDM,Grant Fuhr*,20,0.5868353947824148,,0.2954564728138557,-0.2635719905586152,-0.19994949610890478,1.3547021943573667,1.2702723811383383,1.2582580573212891,1.7320775859084223,-0.031780486351487836,0.0,0.17534622276503115,1.1978791914293097,,,,-0.631545246084423,-0.005934810603028225,,0.0,0.0,-0.06762128676499023,0.7299403760529163,0.3520290499095393,0.615253278240826,57.22
1389,1983,EDM,Ron Low,32,0.25674048521730647,,0.04545484197136242,-0.17571466037241013,-0.03998989922178096,0.5355799373040753,0.5193595626281363,0.5170514107282257,1.7420664993219657,-0.031928302567076156,0.0,0.06921561424935439,0.4714277195841863,,,,-0.6079360780065007,-0.0011367672050576455,,1.0,1.0,-0.04508085784332682,0.656607459353102,0.21768085767798753,0.615253278240826,35.38
1396,1983,EDM,Lindsay Middlebrook,27,0.18338606086950462,,0.0227274209856812,-0.1317859952793076,-0.03998989922178096,0.4200626959247649,0.3309772527579811,0.3183004349280696,1.6821330188407055,-0.037693134975020456,0.0,0.023071871416451468,0.3136192880284629,,,,-0.0,0.0,,1.0,1.0,-0.022540428921663413,0.6115404349435666,0.23090799320197566,0.615253278240826,37.53
1400,1983,EDM,Andy Moog,22,0.9169303043475232,,0.7500048925274797,-0.17571466037241013,-0.2799292945524667,1.7537617554858933,2.0015620423703995,2.036823909891825,1.7800243702934304,-0.026163470159131848,0.125,0.4014505626462555,1.884379161614756,,,,-0.5194016977142919,0.017420588337247033,,4.0,4.0,-0.18032343137330725,0.734887231800549,0.49479395541184973,0.615253278240826,80.42
1442,1984,EDM,Grant Fuhr*,21,0.8518456991739436,,0.6736166800320772,-0.21699984904358322,-0.24679639297579498,1.8409720086127344,1.9955152578726725,2.017953241185271,1.7963212945933944,-0.02835486377267727,0.13059701492537312,0.4292240185493278,1.8066693561877023,,,,-0.5396968779024336,0.016786918012975695,,13.424657534246574,13.424657534246574,-0.05884574411119817,0.746566368063822,0.5021760731010451,0.5836740682397192,86.04
1471,1984,EDM,Andy Moog,23,0.7193363681913303,,0.6062550120288694,-0.17359987923486656,-0.061699098243948744,1.4964626268840358,1.6065126255240323,1.6224906772659269,1.79428695564142,-0.027412118941360638,0.13059701492537312,0.3375919247017186,1.5201369687785966,,,,-0.5455631483144165,0.011955561121436352,,0.9589041095890408,0.9589041095890408,-0.039230496074132114,0.7438766849796483,0.4543645664934488,0.5836740682397192,77.85
1495,1985,EDM,Marco Baron,25,0.018044978353688394,,0.0,-0.02096036585365853,-0.0,0.020535158680771624,0.011582559862725215,0.010299625468164795,1.5379458326812396,-0.029572793569240717,0.0,0.0,0.02074370911662443,,,,-0.0,0.0,,0.0,0.0,-0.0,0.40800578565919243,0.15036479269758596,0.6091502161679364,24.68
1512,1985,EDM,Grant Fuhr*,22,0.8300690042696661,,0.5639029322548028,-0.16768292682926822,-0.33673469387755106,1.6941505911636592,1.8377661648857344,1.8583467094703048,1.7474860103987353,-0.0308481701113104,0.13892078071182548,0.3947410521997741,1.657552006600271,,,,-0.5384706833077197,0.014498147586462654,,4.304347826086956,4.304347826086956,-0.06126880416283575,0.7087443002324227,0.46547358575954856,0.6091502161679364,76.41
1536,1985,EDM,Andy Moog,24,0.7037541557938473,,0.4771486349848332,-0.1886432926829268,-0.14431486880466474,1.1397013067828252,1.3551595039388504,1.3860353130016052,1.7692307458222485,-0.026304641180187157,0.13892078071182548,0.32668225009636487,1.3075019152572336,,,,-0.49164714562878753,0.021742039768690952,,0.0,0.0,-0.08169173888378098,0.6594138507100662,0.3949496429048273,0.6091502161679364,64.84
1540,1985,EDM,Daryl Reaugh,19,0.018044978353688394,,0.0,-0.02096036585365853,-0.0,0.05133789670192906,0.04504328835504251,0.044141252006420544,1.694112568904656,-0.04017436107519493,0.0,0.0045372534735606245,0.038894454593670816,,,,-0.0,0.0,,0.0,0.0,-0.0,0.7650108481109857,0.1931387133238182,0.6091502161679364,31.71
1559,1985,EDM,Mike Zanier,22,0.05413493506106518,,0.02168857431749242,-0.02096036585365853,-0.04810495626822159,0.12321095208462975,0.12869510958583574,0.12948100588550027,1.7395788338810938,-0.031007592179069104,0.0,0.027223520841363726,0.119924568330485,,,,-0.0,0.0,,0.0,0.0,-0.0,0.7862653995076694,0.21155886887733522,0.6091502161679364,34.73
1578,1986,EDM,Grant Fuhr*,23,0.7288064338307453,,0.6267396021147206,-0.16708866168819372,-0.0,1.4843535338116318,1.6917697686928457,1.7216324915935914,1.768589356407646,-0.030099381463560778,0.0,0.3887093799237375,1.461465758279841,,,,-0.48806164558657045,0.05221891805192414,,2.9142857142857146,2.9142857142857146,-0.0,0.6985561755484319,0.4536499897781256,0.5627094437631136,80.62
1603,1986,EDM,Andy Moog,25,0.8563475597511256,,0.5835161812792227,-0.18797474439921794,-0.45672952725393967,1.7023355212944589,1.9334511642203949,1.9667260060218457,1.7666021773555025,-0.028337840054751876,0.11164179104477613,0.4402250808774858,1.7794667821840664,,,,-0.48806164558657045,0.058203969220037566,,1.942857142857143,1.942857142857143,-0.060419481861580804,0.7238744369361515,0.47824415996211883,0.5627094437631136,84.99
1644,1987,EDM,Grant Fuhr*,24,0.7451549110085698,,0.4487531521434576,-0.256268978352434,-0.15404871626069785,1.4280277961614825,1.4381101986438924,1.4394874228761272,1.750486006079139,-0.027300986859755717,0.0,0.27374820204445377,1.4780185758513933,,,,-0.5478701607972282,0.001217766381794354,,1.9090909090909092,1.9090909090909092,-0.03046373688876373,0.6843067687452206,0.41115441900870564,0.5761835092362921,71.36
1664,1987,EDM,Andy Moog,26,0.7790255887816866,,0.5711403754553096,-0.2168429816828288,-0.15404871626069785,1.5009927200529452,1.5220417172058618,1.5249169435215946,1.750486006079139,-0.027935893530912827,0.0,0.29547424982575965,1.5213622291021671,,,,-0.5478701607972282,0.002535967104355253,,1.9090909090909092,1.9090909090909092,-0.040618315851684975,0.6737488928845802,0.4258699681313293,0.5761835092362921,73.91
1707,1988,PIT,Steve Guenette,22,0.32142301281445845,,0.24609220945882504,-0.13873387387978856,-0.0,0.6252847380410023,0.7168889062683298,0.7293999999999999,1.7683624135105616,-0.026458361980035226,0.08916623777663407,0.16439953835269785,0.6751370253226725,,,,-0.4702865309697795,0.022483650935561393,0.0,0.0,0.0,-0.010849684070502163,0.7357910843355696,0.2889014807837732,0.631611786158225,45.74
1723,1988,PIT,Gilles Meloche,37,0.45675901821001996,,0.16406147297255,-0.17837212355972812,-0.24616031979802233,0.9738041002277904,0.8893364094943885,0.8777999999999999,1.7150151675163883,-0.032381875856162506,0.0,0.1427680201483955,0.8601654126475846,,,,-0.5892095617897236,-0.020723186097206473,0.0,0.0,0.0,-0.0,0.6596760908496798,0.2877954417306935,0.631611786158225,45.57
1729,1988,PIT,Frank Pietrangelo,23,0.35525701416334887,,0.18456915709411875,-0.21801037323966777,-0.0,0.8200455580865603,0.7390607281116802,0.728,1.7130393435906779,-0.031513093820997186,0.08916623777663407,0.11248389466237224,0.7444453175647799,,,,-0.6000207464097185,-0.019868103175719805,0.0,1.68,1.6578947368421053,-0.010849684070502163,0.7340611981199812,0.28371050486521143,0.631611786158225,44.92
1737,1988,PIT,Pat Riggin,28,0.37217401483779405,,0.14355378885098127,-0.15855299871975834,-0.1969282558384179,0.7790432801822323,0.7144253705079576,0.7056,1.7169909914420987,-0.030802272155861905,0.0,0.11248389466237224,0.7234053002769975,,,,-0.5892095617897236,-0.015844183545194273,0.0,0.0,0.0,-0.06509810442301298,0.680883214455597,0.2560419476450095,0.631611786158225,40.54
1781,1989,LAK,Glenn Healy,26,0.8726818602829387,,0.553381952486776,-0.40644935386096787,-0.10627874124613026,2.1215469613259668,2.006680026720107,1.990881458966565,1.7399345587943011,-0.034697801941496416,0.0,0.3433752894104845,1.803523874099624,,,,-0.621943695221486,-0.012187135715835823,,0.7640449438202247,0.7391304347826086,-0.18271131869750026,0.7547078519061969,0.48242325762585353,0.6029288177323278,80.01
1783,1989,LAK,Kelly Hrudey,28,1.1999375578890403,,0.619787786785189,-0.5989779951635316,-0.2656968531153257,2.541436464088398,2.5931863727454907,2.6003039513677813,1.7598879367621254,-0.029740973092711214,0.12686567164179105,0.5080072774840046,2.5218596149877657,,,,-0.5750045484123172,0.005984102567057112,,2.292134831460674,2.217391304347826,-0.1239826805447323,0.767499055428696,0.6029288177323278,0.6029288177323278,100.0
1784,1989,LAK,Bob Janecyk,31,0.01818087208922789,,0.0,-0.0,-0.0,0.022099447513812157,0.029392117568470277,0.030395136778115506,1.8137620572752517,-0.03258505521906337,0.0,0.009407542175629717,0.020046578815483038,,,,-0.0,0.0,,0.0,0.0,-0.0,0.4026611811909497,0.1733517402954839,0.6029288177323278,28.75
1791,1989,LAK,Roland Melanson,28,0.07272348835691156,,0.02213527809947104,-0.021392071255840413,-0.0,0.20994475138121546,0.14562458249833,0.13677811550151975,1.6481490201423077,-0.052168592146231145,0.0,0.0047037710878148585,0.11894303430519935,,,,-0.0,0.0,,0.0,0.0,-0.026101616956785742,0.5972807520999086,0.19631404130880772,0.6029288177323278,32.56
1835,1990,EDM,Randy Exelby,24,0.01880684979276529,,0.0,-0.022110525159305644,-0.0,0.05790866975512905,0.040037868328665537,0.037619239553943314,1.6518783817324398,-0.03713239574355851,0.0,0.004843886429380578,0.04126912381719743,,,,-0.0,0.0,,0.0,0.0,-0.0,0.7655186385737437,0.19084481763059935,0.5949325935013174,32.08
1839,1990,EDM,Grant Fuhr*,27,0.39494384564807117,,0.20590823381521062,-0.15477367611513948,-0.15918367346938778,0.8107213765718068,0.7344877914086229,0.7241703614134086,1.7316792697388383,-0.02883134120607637,0.14015289406625409,0.11140938787575327,0.7435320474398404,,,,-0.6157418140012395,-0.005866955501399063,,0.0,0.0,-0.018369835463284086,0.6567639573203673,0.2774181140695696,0.5949325935013174,46.63
1842,1990,EDM,Mike Greenlay,21,0.03761369958553057,,0.0,-0.0,-0.0,0.046326935804103235,0.02347047453749359,0.02037708809171929,1.5261919831223634,-0.08708695608519214,0.0,-0.004843886429380578,0.013756374605732478,,,,-0.0,0.0,,1.09375,0.0,-0.0,0.12758643976229062,0.1276572761819575,0.5949325935013174,21.46
1869,1990,EDM,Bill Ranford,23,1.0531835883948562,,0.5490886235072283,-0.3537684025488903,-0.47755102040816333,1.9109861019192589,2.012938345627392,2.0267365309686958,1.7695846915418774,-0.02364318212015003,0.14015289406625409,0.4165742329267297,2.13705279500054,,,,-0.5269862372082681,0.007724246148291667,,2.1875,2.2222222222222223,-0.16532851916955674,0.7078750850891409,0.5073735595101476,0.5949325935013174,85.28
1870,1990,EDM,Pokey Reddick,25,0.2068753477204182,,0.11439346323067257,-0.08844210063722258,-0.10612244897959185,0.3590337524818001,0.3879531379432764,0.3918670786869094,1.7755697581423575,-0.0228278999780759,0.0,0.08234606929946982,0.4154425130931208,,,,-0.0,0.0,,0.0,0.0,-0.0,0.7005643820907616,0.25557225947946444,0.5949325935013174,42.96
1925,1991,STL,Pat Jablonski,23,0.1621621621621622,,0.05116279069767443,-0.07416744840525326,-0.15634110787172012,0.3379564606741573,0.35130970724191063,0.353027531223886,1.756270948335293,-0.025009210977711388,0.0,0.06904055183837195,0.37178719687527595,,,,-0.0,0.0,,1.1323529411764706,1.1323529411764706,-0.0,0.8431955631461465,0.2526842396751325,0.6942334194086927,36.4
1926,1991,STL,Curtis Joseph,23,0.6081081081081083,,0.40930232558139545,-0.2472248280175109,-0.1042274052478134,1.203125,1.3466872110939907,1.3651557241908892,1.7720576534888686,-0.025583192869003124,0.0,0.3027162657528616,1.292187208651874,,,,-0.5752739084438702,0.011892709482643676,,1.1323529411764706,1.1323529411764706,-0.0,0.7814983268183795,0.3860981490557337,0.6942334194086927,55.62
1952,1991,STL,Vincent Riendeau,24,0.8918918918918921,,0.7418604651162792,-0.22250234521575976,-0.31268221574344024,1.811446629213483,1.9121725731895225,1.9251304288908464,1.7602176246236867,-0.024681221325544678,0.37181738366988587,0.39300006431073253,2.018381306613541,,,,-0.6140564191254794,0.008342814090931771,,2.264705882352941,2.264705882352941,-0.0,0.8322957180615741,0.5318054793127309,0.6942334194086927,76.6
2023,1992,NYR,Mike Richter,25,0.7667452187080288,,0.5322198177329392,-0.26835661541412265,-0.09459021703919665,1.4502504173622706,1.6424557014022445,1.6666596590072948,1.7603137408000167,-0.027280776913407547,0.2853589196872779,0.3753639376121535,1.5717457908199115,,,,-0.525343724021246,0.040357210834815645,,0.0,0.0,-0.05358321773508045,0.721175822342256,0.4617043466956675,0.6557168180263194,70.41
2033,1992,NYR,John Vanbiesbrouck,28,0.8415496302892999,,0.6247797860343199,-0.29071966669863286,-0.14188532555879496,1.4624373956594323,1.8141979573165041,1.8584943343073983,1.7778973408746006,-0.02500006887563071,0.19023927979151858,0.4571740265789047,1.727689237428676,,,,-0.4835550187013741,0.07385599902934555,,2.703703703703704,2.703703703703704,-0.20540233465114172,0.7222566403600038,0.4697336258097082,0.6557168180263194,71.64
2043,1993,PIT,Tom Barrasso,27,1.024449188383615,,0.8246696035242292,-0.25948211023960455,-0.2728862973760933,1.867001254705144,2.177547451345324,2.2179352358849767,1.802,-0.02444135794415357,0.34767339771729583,0.5141158788151515,2.187027692307693,,,,-0.4595843109625189,0.041453707464572734,,6.32967032967033,6.32967032967033,-0.2028208689528356,0.7680364844676285,0.564041742952761,0.5804817985042591,97.17
2112,1993,PIT,Ken Wregget,28,0.4065274557077837,,0.24931871734453442,-0.12974105511980227,-0.10915451895043732,0.7829360100376411,0.7993967301490525,0.8015375131450121,1.7740000000000002,-0.02777057945814127,0.0,0.15755164028206256,0.8081723076923077,,,,-0.5237123543526377,0.002197287661341283,,0.7912087912087913,0.7912087912087913,-0.050705217238208894,0.7152063651691335,0.292731333956234,0.5804817985042591,50.43
2133,1994,DET,Bob Essensa,29,1.1341004547301152,,0.46746140316591756,-0.7267541162806586,-0.3465222823823407,2.7140176122419515,2.485420422012512,2.458622440345236,1.7685795915999534,-0.019499512512187196,0.13266998341625205,0.3960387683677707,2.3656336410752328,,,,-0.6552581935313105,-0.016963130657396255,,2.5806451612903225,2.5806451612903225,-0.053006090115430414,0.7656824704362291,0.5737476304913985,0.6168229525412543,93.02
2146,1994,DET,Peter Ing,24,0.04930871542304849,,0.020324408833300767,-0.039284006285440994,-0.0,0.17323516673884798,0.12360452610691185,0.11778642748349975,1.704630950999729,-0.028599285017874548,0.0,0.008516962760597218,0.102748522989982,,,,-0.0,0.0,,0.0,0.0,-0.0,0.764899577826528,0.2104197388796475,0.6168229525412543,34.11
2162,1994,DET,Chris Osgood,21,0.6738857774483293,,0.46746140316591756,-0.15713602514176397,-0.21657642648896297,1.2126461671719355,1.2105972704000485,1.2103570824166523,1.7885635417875236,-0.015491279384682047,0.13266998341625205,0.22995799453612495,1.3333131865641197,,,,-0.601154305992028,-0.00015428820203796493,,0.0,0.0,-0.017668696705143472,0.7262678769823062,0.39147103892245944,0.6168229525412543,63.47
2172,1994,DET,Vincent Riendeau,27,0.4273422003330869,,0.18291967949970692,-0.196420031427205,-0.043315285297792584,0.8430778114623935,0.6616477573958223,0.6403790827551193,1.7306100862435703,-0.017928718448705448,0.06633499170812604,0.06813570208477775,0.7984164639398014,,,,-0.7634659686098756,-0.013465931411202385,,1.2903225806451613,1.2903225806451613,-0.0,0.6858139260982623,0.27577963435963365,0.6168229525412543,44.71
2218,1995,PHI,Ron Hextall,30,0.757602209776123,,0.5092726733595968,-0.2605624416899906,-0.2749076773566569,1.6480308454971082,1.4913750616067027,1.4740810556079171,1.707799349039396,-0.03018345876403527,0.09303482587064676,0.22907179277852519,1.6432867855534063,,,,-0.6010122901812088,-0.021868961730086435,,0.0,0.0,-0.2650396053422842,0.7678504126359669,0.41485398354514696,0.5547408647892311,74.78
2240,1995,PHI,Dominic Roussel,24,0.4643368382498819,,0.3295293768797391,-0.20265967686999267,-0.0,0.7865601762599834,0.9048792508624938,0.9179410781064729,1.7538523651932676,-0.024354928795807765,0.09303482587064676,0.20998247671364806,0.9684941307400832,,,,-0.47106368689878525,0.01653251652322324,,0.0,0.0,-0.1223259716964389,0.7383573564562681,0.3239035709035367,0.5547408647892311,58.39
2264,1996,PIT,Tom Barrasso,30,0.8066265879031839,,0.5889002928880769,-0.31400141773215356,-0.08631440062990786,1.9094247246022031,1.9710928757926147,1.9780653196789373,1.7470747660856658,-0.03332662833709319,0.1320203108170488,0.3921250445971981,1.6901257983355913,,,,-0.5706899625601711,0.004613564020566482,0.0,4.5,4.415094339622642,-0.17584942493489217,0.7704824706721155,0.48248549483379655,0.6112711294923429,78.93
2339,1996,PIT,Ken Wregget,31,0.6090853827024041,,0.4061381330262599,-0.2551261519073748,-0.08631440062990786,1.3723990208078336,1.4607422603506155,1.4707306947135346,1.7528854360393873,-0.03148054688401805,0.19803046622557316,0.30688046968476373,1.2873698471066382,,,,-0.553039757532537,0.0066035539172518325,0.0,3.0,2.9433962264150937,-0.07815529997106321,0.7772266539173812,0.4081818979597178,0.6112711294923429,66.78
2367,1997,BUF,Dominik Hasek*,32,1.094854803455574,,0.7473540836402162,-0.39041144207537515,-0.40532879818594103,1.9514659599138644,2.645492708793637,2.718579377954541,1.8272385633018287,-0.021842608034739804,0.2528358208955224,0.7274826235919404,2.4055423999009458,,,,-0.4414668458285878,0.05313510682761236,,4.62,4.62,-0.295725902098643,0.7972973395506672,0.5811597708626667,0.6143584492565821,94.6
2397,1997,BUF,Steve Shields,24,0.21243451410332032,,0.060596277051909425,-0.15616457683015003,-0.0810657596371882,0.49743249958588703,0.5431948740609811,0.5480140248050657,1.7938374282737308,-0.028481991093757632,0.0,0.11842740384054844,0.4701444026558945,,,,-0.5488506731922985,0.0035058818877252047,,0.0,0.0,-0.03943012027981908,0.8030930748499533,0.23422169878183435,0.6143584492565821,38.12
2407,1997,BUF,Andrei Trefilov,27,0.049023349408458525,,0.0,-0.03904114420753751,-0.0,0.12754679476561204,0.11908970393283252,0.11819910338932788,1.764365838543056,-0.03637227241027157,0.0,0.021147750685812223,0.09474392905232856,,,,-0.0,0.0,,0.0,0.0,-0.0,0.7013104357583789,0.20636343704583363,0.6143584492565821,33.59
2439,1998,BUF,Dominik Hasek*,33,1.1163957750681521,,0.6466613323697186,-0.43557068478564914,-0.4359749094442972,1.969352174710956,2.6993771078532593,2.7749064879336207,1.7755775138007137,-0.024596269766495933,0.50259990370727,0.7475634699362973,2.3822817504813902,,,,-0.4330467137951163,0.09594516761034357,,3.1063829787234036,3.1063829787234036,-0.11494268475597753,0.7734403065296385,0.6091557537920942,0.6091557537920942,100.0
2470,1998,BUF,Steve Shields,25,0.24808795001514494,,0.0587873938517926,-0.11362713516147369,-0.1341461259828607,0.4956872820701047,0.5124922568655792,0.5142309225890975,1.7317596137820268,-0.03330499686085335,0.0,0.10449811945346088,0.4431495673288842,,,,-0.5754182361387161,0.002200981088510359,,0.0,0.0,-0.16283547007096824,0.6474301465417263,0.20411397662038352,0.6091557537920942,33.51
2490,1999,PIT,Jean-Sebastien Aubin,21,0.29811449736574536,,0.08701858004183588,-0.06307265453606915,-0.23863513659432034,0.4193832599118943,0.419862212400884,0.4199108629114536,1.7352319322977863,-0.02467345384871281,0.08888677630953512,0.08076249104371085,0.4790160268356318,,,,-0.0,0.0,0.0,0.0,0.0,-0.0,0.5729962130734364,0.2575392270660491,0.6387963785965446,40.32
2492,1999,PIT,Tom Barrasso,33,0.7540543168662972,,0.41333825519872036,-0.3363874908590355,-0.11931756829716017,1.46784140969163,1.3714578187963085,1.361667472122286,1.7218545936126712,-0.028341129420818758,0.1777735526190702,0.22882705795718064,1.4611256056653001,,,,-0.6350301475222038,-0.009544195168118854,0.0,5.0,4.903846153846153,-0.26232125041569676,0.6909815590992388,0.39319356260218097,0.6387963785965446,61.55
2557,1999,PIT,Peter Skudra,25,0.6488374354430928,,0.3263196751568846,-0.2312663999655869,-0.19886261382860027,1.3330396475770925,1.1352853243208112,1.1151980525873024,1.7046551581603806,-0.03211994667692793,0.13333016446430268,0.1525513719714538,1.2127469250838614,,,,-0.6943787594401668,-0.019562636058877154,0.0,0.0,0.0,-0.026232125041569673,0.6665263677967408,0.3576357376527074,0.6387963785965446,55.99
2622,2000,STL,Jamie McLennan,28,0.3129789648397092,,0.18030914914357338,-0.0968084156889473,-0.08618555054115581,0.4472566949706073,0.4418684526876181,0.44129883132800496,1.7354529985481124,-0.021103334205262742,0.10729815489481727,0.0805733707292096,0.6019896921296463,,,,-0.5716212402841142,-0.0005012902502177424,0.0,0.0,0.0,-0.028503225411724776,0.6816867034903455,0.2432702710170019,0.6133734319268878,39.66
2651,2000,STL,Roman Turek,29,1.1036626654873956,,0.8414426960033425,-0.29042524706684186,-0.3878349774352011,1.7483670803396472,1.9048288136387053,1.9213692623729048,1.7527498722877952,-0.020995664132786914,0.37554354213186036,0.41092419071896896,2.3626156400727445,,,,-0.5206846941201833,0.014462223718781869,0.0,1.7291666666666667,1.6938775510204083,-0.05700645082344954,0.7586933607587493,0.5576978109182676,0.6133734319268878,90.92
2658,2001,COL,David Aebischer,22,0.43080312674907284,,0.2396168615437719,-0.13508341252243686,-0.13315175694337886,0.7039853970185579,0.7045822419729832,0.7046461618662844,1.7629100527247494,-0.02389822841648033,0.11847519160951996,0.13339470808749362,0.8321218344978488,,,,-0.5935934298122125,3.7663443279517146e-05,0.0,1.7450980392156863,1.7115384615384617,-0.0,0.6985634184064282,0.29188958191095704,0.6133054734761151,47.59
2727,2001,COL,Patrick Roy*,35,1.0272997637862504,,0.7987228718125727,-0.2508691946845256,-0.31068743286788403,1.7870398539701855,1.9814738514965125,2.0022970155089275,1.7824328661547018,-0.023684851377047466,0.15796692214602664,0.43656449919543383,2.141533938747156,,,,-0.5342340868309914,0.01352117613734665,0.0,8.725490196078432,8.557692307692307,-0.16940734776748992,0.7539248659408869,0.5239539209653883,0.6133054734761151,85.43
2777,2002,MTL,Stephane Fiset,31,0.033226007633233835,,0.0,-0.01924407541947759,-0.0,0.09982374619452013,0.07893103142460164,0.07680784198785273,1.6808170489163725,-0.046622051630544746,0.0,0.00809034815723613,0.06512311699471013,,,,-0.0,0.0,0.0,0.0,0.0,-0.0,0.719097588107653,0.19540859453490025,0.6039028803666484,32.36
2779,2002,MTL,Mathieu Garon,24,0.08306501908308458,,0.01991265623991567,-0.07697630167791036,-0.0,0.2709501682422689,0.19338102699027404,0.1854981844234934,1.6579746881156971,-0.05291905600661832,0.0,0.012135522235854193,0.15593700491393894,,,,-0.0,0.0,0.0,0.0,0.0,-0.0,0.6887503504443944,0.21068595348851613,0.6039028803666484,34.89
2783,2002,MTL,Jeff Hackett,33,0.24919505724925375,,0.09956328119957836,-0.09622037709738797,-0.09055510986753282,0.5419003364845378,0.5196292902119609,0.5173660299936496,1.7207911803175548,-0.03850860368444995,0.0,0.09303900380821548,0.4283786686716254,,,,-0.6461584685592133,-0.0027539269265415157,0.0,0.0,0.0,-0.02299099719701649,0.6306947653494644,0.212831656042193,0.6039028803666484,35.24
2806,2002,MTL,Olivier Michaud,18,0.016613003816616918,,0.0,-0.0,-0.0,0.0,0.018417240665740384,0.020288863921319587,1.9035300667229587,-0.0,0.0,0.00809034815723613,0.010754276200961308,,,,-0.0,0.0,0.0,0.0,0.0,-0.0,0.23750012084289457,0.16742213967235905,0.6039028803666484,27.72
2825,2002,MTL,Jose Theodore,25,1.1130712557133333,,0.5973796871974701,-0.46185781006746224,-0.45277554933766406,1.9394327832078195,2.5941998994885744,2.6607395828244838,1.7721864921190749,-0.02555130621829855,0.28570832985908445,0.7038602896795432,2.3085846244730277,,,,-0.46597966482635583,0.08104665717789805,0.0,3.068965517241379,3.0169491525423733,-0.02299099719701649,0.7609503871806342,0.5796681147510475,0.6039028803666484,95.99
2836,2003,COL,David Aebischer,24,0.376819324067901,,0.1435835193653959,-0.23787875343804687,-0.0,0.7171000788022064,0.7753193201247109,0.7811590995320603,1.750109873187301,-0.027811179720506972,0.04293189226282381,0.1667381605661964,0.7527663165791448,,,,-0.5475836671404574,0.009765840418142616,,0.0,0.0,-0.05470870997974424,0.7153272715462434,0.28181357285778497,0.6673514778541434,42.23
2908,2003,COL,Patrick Roy*,37,1.0790735189217164,,0.7179175968269794,-0.2973484417975586,-0.5711685948264656,1.964854215918045,2.252740621542794,2.2816175540660177,1.757752274380259,-0.024949947238973334,0.21465946131411906,0.5205484037188572,2.297308702175544,,,,-0.5178236852306499,0.048275964825645896,,0.0,0.0,-0.27354354989872126,0.7623352932209991,0.5353825858063705,0.6673514778541434,80.22
2962,2004,TBL,John Grahame,28,0.5140671064625438,,0.38606406318560776,-0.18655085135757016,-0.04191390842051106,0.8895415239027573,0.9069324770055652,0.9086326804057934,1.7357449029116705,-0.024945719862513344,0.04040009377197781,0.17735655779575576,1.0630078985978146,,,,-0.6164622278138777,0.00160807424133713,0.0,0.0,0.0,-0.04609583288710524,0.7232216195265936,0.32530609514375947,0.6550758776595357,49.66
2971,2004,TBL,Nikolai Khabibulin,31,0.9749548570841349,,0.6005440982887233,-0.3938295750882036,-0.2933973589435775,1.9477891988905205,1.931329100129321,1.9297199004657692,1.7300414694957502,-0.028215304504687417,0.12120028131593344,0.3589358907771247,2.0617819075884154,,,,-0.6353335205020577,-0.0015226897683457785,0.0,3.76,3.686274509803922,-0.13828749866131576,0.7396226114652799,0.49567232839607467,0.6550758776595357,75.67
3086,2006,SJS,Evgeni Nabokov,30,0.7589575919172333,,0.2862998676498394,-0.42585477224635254,-0.34367056431113374,1.6661618942731278,1.4347654710287745,1.4094165196278032,1.7466861369245494,-0.030478863595115237,0.06439783839423573,0.197613904569094,1.5736543433732917,,,,-0.6261171246764498,-0.025777561900808096,0.0,1.2638888888888888,1.2465753424657533,-0.2294984020336729,0.7507342797175482,0.3905237461850422,0.6540475674614059,59.71
3098,2006,SJS,Nolan Schaefer,26,0.11806006985379186,,0.0894687086405748,-0.0224134090655975,-0.0,0.13780286343612336,0.17068761638100935,0.17429006620519086,1.815764119740775,-0.018483955986715043,0.06439783839423573,0.04262260686784382,0.21511702091937812,,,,-0.0,0.0,0.0,0.0,0.0,-0.025499822448185876,0.6597361852063303,0.22977719360907534,0.6540475674614059,35.13
3107,2006,SJS,Vesa Toskala,28,0.6240317977986141,,0.41155605974664405,-0.1568938634591825,-0.19638317960636215,1.0898953744493391,1.0859690375545377,1.0855389162858735,1.7782646433548237,-0.02546459893914466,0.12879567678847145,0.20536346945415657,1.2460897887915114,,,,-0.5397561419624567,-0.0004326499290335955,0.0,1.2638888888888888,1.2465753424657533,-0.05099964489637175,0.7229992780167532,0.37119307306623983,0.6540475674614059,56.75
3139,2007,PIT,Marc-Andre Fleury,22,1.039196781564615,,0.6606920022688602,-0.3310288108149785,-0.40787275764398284,2.2474916387959865,2.261636398710282,2.2631170373076395,1.743539650448245,-0.02689805786711794,0.23295683743444937,0.43424780763085175,2.201860727375246,,,,-0.5143444112209453,0.004186005371153911,,4.2,4.2,-0.054614140040280555,0.7784573734418377,0.5651675880365447,0.6481312113749851,87.2
3186,2007,PIT,Jocelyn Thibault,32,0.34122879394659006,,0.11562110039705052,-0.16551440540748924,-0.09063839058755174,0.6351606805293005,0.6620552815057734,0.6648705420338828,1.7493129605490674,-0.02689805786711794,0.04659136748688987,0.13278651968877284,0.6208063151959402,,,,-0.4987582169415227,0.007938975703912592,,0.0,0.0,-0.0,0.6684149896008643,0.2631101178382812,0.6481312113749851,40.6
3233,2008,WSH,Cristobal Huet,32,0.8603144899996477,0.6555725334316179,0.5600151257326528,-0.3040081810003903,-0.29763333904990574,1.621680049413218,1.846467848726293,1.8689285934703448,1.7543846925743485,-0.026383156856187192,0.1815147863168629,0.4242727171886086,1.8227683999113335,0.6200000000000001,0.6505548955757791,-0.5429056924384029,-0.5522536627257499,0.025806581848329697,,2.4722222222222223,2.4722222222222223,-0.0,0.7843649278339169,0.43890484428696297,0.5796206992018982,75.72
3234,2008,WSH,Brent Johnson,30,0.31434567903833277,0.21852417781053926,0.1225033087540178,-0.17371896057165162,-0.09921111301663524,0.6321803582458307,0.6242284816518909,0.6234339319879035,1.7315014139755522,-0.030363374485353364,0.0,0.11466830194286717,0.6169553915081982,0.15999999999999998,0.5039660457503157,-0.2714528462192014,-0.6338365901738721,-0.0009149032684615664,,0.0,0.0,-0.0,0.7265893309495527,0.22441929585471715,0.5796206992018982,38.72
3239,2008,WSH,Olaf Kolzig,37,0.8934035088457878,0.6684268968322377,0.437511816978635,-0.45601227150058543,-0.29763333904990574,2.102686843730698,1.7765542587812817,1.7439671665740912,1.700990375843825,-0.03309266657392446,0.04537869657921573,0.22933660388573435,1.8855400240473423,0.45999999999999996,0.4729362892179183,-0.9953271028037384,-0.740521956836801,-0.03743216303550511,,2.4722222222222223,2.4722222222222223,-0.17606780759424592,0.7813149542081621,0.36471874931024856,0.5796206992018982,62.92
3319,2009,WSH,Brent Johnson,31,0.3497946316814242,0.24443203457884952,0.2100056721497448,-0.13166357929402075,-0.09569298844157723,0.6958253429709397,0.6956128509719223,0.6955914473781964,1.7310061517288262,-0.03055192258593744,0.0,0.13344682503869074,0.6761264407963674,0.21653413353338338,0.5834004427972755,-0.18181818181818188,-0.5773887342957271,-2.15580655212208e-05,,1.7799999999999998,1.7799999999999998,-0.0907486056763294,0.697565631283704,0.24848837685333228,0.5335077300630288,46.58
3343,2009,WSH,Michal Neuvirth,20,0.08328443611462483,0.038594531775607815,0.0350009453582908,-0.02194392988233679,-0.0,0.1444165806166101,0.12254319654427645,0.12033996523082865,1.7005038406851467,-0.032617710945840685,0.0,0.015251065718707513,0.131518847900266,0.01968492123030758,0.3355308246139771,-0.09090909090909094,-0.0,0.0,,0.0,0.0,-0.0,0.5698959796587811,0.17841348530007203,0.5335077300630288,33.44
3364,2009,WSH,Jose Theodore,32,0.9494425717067229,0.7075664158861434,0.5600151257326528,-0.37304680799972545,-0.23923247110394313,2.0612184688007082,1.8886069114470845,1.8712203384793689,1.7157549962069867,-0.031204276804854256,0.0936662839647914,0.3012085479444734,1.9650111502189744,0.511807951987997,0.4765948349621957,-1.0909090909090913,-0.6293537203823425,-0.014174428080202677,,5.34,5.34,-0.1361229085144941,0.7469134422496121,0.39422340901548814,0.5335077300630288,73.89
3370,2009,WSH,Semyon Varlamov,20,0.09994132333754976,0.06432421962601302,0.0700018907165816,-0.0,-0.04784649422078861,0.17067414072872106,0.1910232181425486,0.19307291124946133,1.7500700961311262,-0.02576799164721414,0.0,0.04194043072644566,0.1966804589053978,0.0787396849212303,0.8060800591326778,-0.09090909090909094,-0.0,0.0,,0.0,0.0,-0.0453743028381647,0.7102069602870442,0.2277772046596834,0.5335077300630288,42.69
3424,2010,VAN,Roberto Luongo,30,1.0531294097885524,0.8067960380290683,0.6528266212894688,-0.4594283563933593,-0.167217147893804,2.100469768146689,2.1371905715937665,2.140766098093608,1.7428863061775879,-0.02739519806686403,0.17583052479537797,0.41544099132222106,2.170265702750916,0.7532368323379561,0.5739755846266357,-0.8917640827753188,-0.5217595119858961,0.016261220278718208,,0.0,0.0,-0.0,0.7367485696003184,0.4794175382943581,0.5309438920543383,90.3
3441,2010,VAN,Andrew Raycroft,29,0.3252311412582294,0.1685842467523426,0.14688598979013048,-0.1044155355439453,-0.041804286973451,0.4905288680103046,0.488819566766616,0.4886531310865844,1.7390683734148764,-0.025796256545451732,0.04395763119884449,0.09153784554557415,0.5382526120954437,0.14697304045618653,0.5355229719310605,-0.17835281655506377,-0.5324076652917307,-0.0007796475476097774,,0.0,0.0,-0.10555590070056316,0.5916808771313172,0.2196025782427513,0.5309438920543383,41.36
3445,2010,VAN,Cory Schneider,23,0.030974394405545655,0.012041731910881615,0.0,-0.02088310710878906,-0.0,0.06288831641157751,0.06584555808043457,0.06613350646284599,1.7467042389402991,-0.040613114643872364,0.0,0.014082745468549868,0.043973067585873896,0.018371630057023317,0.9378686023311041,-0.0,-0.0,0.0,,0.0,0.0,-0.0,0.507544185343273,0.20630693492441157,0.5309438920543383,38.86
3479,2011,ANA,Dan Ellis,30,0.7145458270787592,0.4647342470450367,0.3592512762336927,-0.21795676156118468,-0.3108637394351681,1.487294008932697,1.2711550588330005,1.2505291005291006,1.7147129031435961,-0.029502047737214755,0.07979654798632535,0.17067386387613145,1.405966242743532,0.30604429027474045,0.444530772819762,-0.9962367614644373,-0.6320187063281711,-0.05469580040863554,,1.5263157894736843,1.5263157894736843,-0.0,0.7147659423048341,0.2998160363890978,0.5428891673630389,55.23
3480,2011,ANA,Ray Emery,28,0.16239677888153617,0.11304346549744135,0.11975042541123089,-0.04359135231223694,-0.0,0.2679809025103958,0.3174969476607677,0.32222222222222224,1.7681783388763577,-0.024283273949765212,0.0,0.07791632916084262,0.3077010838562464,0.0956388407108564,0.5721275687217308,-0.0,-0.0,0.0,,0.0,0.0,-0.0,0.6882921621770747,0.24202233616456492,0.5428891673630389,44.58
3489,2011,ANA,Jonas Hiller,28,0.7957442165195272,0.5777777125424781,0.4447872943845718,-0.3487308184978955,-0.1332273169007863,1.5274911443092565,1.742731407564435,1.7632716049382715,1.7643593791811616,-0.02726543039973638,0.19949136996581338,0.4007125499700478,1.5601087211838531,0.4973219716964532,0.5813886264888091,-0.49811838073221865,-0.4753644970673426,0.05445843487679397,,1.5263157894736843,1.5263157894736843,-0.0,0.7122060701267184,0.41316100254502836,0.5428891673630389,76.1
3526,2011,ANA,Timo Pielmeier,21,0.016239677888153618,0.0,0.0,-0.0,-0.0,0.06699522562759895,0.014007218279151518,0.008950617283950617,1.1132267511500182,-0.07987919062422767,0.0,-0.014841205554446213,0.02335492097580618,0.0,0.0,-0.0,-0.0,0.0,,0.0,0.0,-0.0,0.5224228934930357,0.10296994205974618,0.5428891673630389,18.97
3568,2012,PIT,Marc-Andre Fleury,27,1.1155904664014813,0.8216751739240878,0.7350198525241067,-0.38026706879972016,-0.17990281827016524,2.1590296495956878,2.1571320858180822,2.156952489570516,1.7485839892471764,-0.02858878263027052,0.12453358208955224,0.4069534569628517,2.3251279093938804,0.7086571642910726,0.5597048995773182,-0.7209864603481627,-0.6030635218696376,-0.00023797125816420742,0.0,2.7384615384615385,2.696969696969697,-0.1688519138403834,0.7574266721102072,0.4889818282907952,0.5316916918850971,91.97
3583,2012,PIT,Brent Johnson,34,0.2664096636182642,0.1797414442958942,0.10500283607487239,-0.15658055774106125,-0.08995140913508262,0.5926748057713652,0.438014942765097,0.42337705213241694,1.6911277793047728,-0.03767420083904293,0.0,0.03422973002491276,0.4840037819605844,0.0787396849212303,0.2843261123962931,-0.5149903288201162,-0.8141357545240108,-0.020062807611382412,0.0,1.3692307692307693,1.3484848484848484,-0.0,0.6602425347971966,0.15364743963274524,0.5316916918850971,28.9
3625,2012,PIT,Brad Thiessen,25,0.08325301988070759,0.05135469837025548,0.052501418037436194,-0.022368651105865892,-0.0,0.2257808783890915,0.13787099869764893,0.1295507068039257,1.6432476043527686,-0.045063674315511164,0.0,-0.003803303336101418,0.15397407613542638,0.03936984246061516,0.49707362307044234,-0.10299806576402325,-0.0,0.0,0.0,0.0,0.0,-0.0844259569201917,0.6721218985861613,0.191010080714595,0.5316916918850971,35.92
3662,2013,WSH,Philipp Grubauer,21,0.05197317146198937,0.020191260113754706,0.0,-0.03434886499402628,-0.0,0.11129207383279044,0.11566691371602075,0.1160894528484912,1.7364415040847039,-0.04174265019499283,0.0,0.024162533908798148,0.0790080407428224,0.0,0.0,-0.0,-0.0,0.0,0.0,0.0,0.0,-0.0,0.5398678440194228,0.15416585330384425,0.558219716648363,27.62
3669,2013,WSH,Braden Holtby,23,0.9355170863158087,0.7066941039814149,0.6335400516795866,-0.4121863799283153,-0.0767375733362128,2.003257328990228,2.201592272933751,2.220748236897989,1.745930255473145,-0.030166957283776337,0.25889781859931116,0.483250678175963,1.9648547275209047,0.6206978119455944,0.5880367941192071,-0.72818994809364,-0.5147988327406986,0.024151528835837568,0.0,4.5555555555555545,4.4324324324324325,-0.15816428333887597,0.7458916964942636,0.4656401094842965,0.558219716648363,83.42
3694,2013,WSH,Michal Neuvirth,24,0.33782561450293086,0.24229512136505646,0.11018087855297161,-0.1717443249701314,-0.15347514667242557,0.7345276872964169,0.7194874124369427,0.7180347639147419,1.726952752696263,-0.032037776340134556,0.0,0.13289393649838985,0.6800334935364356,0.217244234180958,0.600394835326616,-0.291275979237456,-0.5770272630719918,-0.0018432143219269973,0.0,0.0,0.0,-0.0,0.7148750034557189,0.24483399080497892,0.558219716648363,43.86
3740,2014,PIT,Marc-Andre Fleury,29,1.1631814820330124,0.895533616524006,0.7438684061259219,-0.4421557487514203,-0.23950389834854374,2.2916994802331074,2.3353826527150088,2.3395015890931767,1.7469413574603754,-0.024571624433404236,0.2488339552238806,0.4578415569687924,2.46812051264846,0.7053479115231519,0.5204470263176075,-1.258244267835937,-0.5491521751637795,0.007006821141670881,0.0,0.0,0.0,-0.12903225806451613,0.7565769444175102,0.48270856721062305,0.5680785514317436,84.97
3811,2014,PIT,Jeff Zatkoff,26,0.3634942131353164,0.2518688296473766,0.22888258650028367,-0.14738524958380675,-0.09580155933941749,0.7791778232792566,0.7661740157159725,0.7649478718032494,1.741213680878538,-0.027059890198812254,0.049766791044776125,0.1402397561886391,0.7621754009259881,0.19236761223358695,0.5043091340286896,-0.3431575275916192,-0.5715665496602603,-0.0020824468428042825,0.0,1.5396825396825395,1.515625,-0.0,0.7476384826269233,0.25583310444531215,0.5680785514317436,45.03
3882,2015,MTL,Carey Price,27,1.1394212438480318,0.8755587599134824,0.7959765551143886,-0.37236476260866497,-0.27348082089978853,1.9114591657343776,2.4510074072053145,2.5013571961222967,1.7773719915366302,-0.02220058314497619,0.40458422174840086,0.6409530832721126,2.4581214266999,0.8050649017495255,0.5747689906160729,-0.6843194258924598,-0.4672904495969455,0.04575204008357873,,1.9166666666666667,1.9166666666666667,-0.1663618224143665,0.7650851321367856,0.5335352708042634,0.5492446415003199,97.14
3898,2015,MTL,Dustin Tokarski,25,0.2934872900820688,0.21225666906993512,0.10854225751559846,-0.13963678597824938,-0.1823205472665257,0.6763624740290874,0.6387930211303149,0.6352870991797166,1.733556819183637,-0.031148777371777823,0.0,0.10682551387868545,0.6211747633475986,0.16514151830759496,0.48626818157028173,-0.11405323764874328,-0.6350357391958491,-0.0031914229595084898,,1.9166666666666667,1.9166666666666667,-0.0,0.7506107544502388,0.2330025502767837,0.5492446415003199,42.42
3919,2016,CHI,Corey Crawford,31,1.0009308677992492,0.7691176487828325,0.6331631688409908,-0.40531222066147354,-0.25359130665253116,1.9448120058092628,2.171576170586942,2.192680252902218,1.7651287627635595,-0.027186869252934766,0.34780047132757264,0.4859240975254793,2.0636407819418943,0.8200905330921383,0.7171967555463741,-1.0443309499489277,-0.48279837545003534,0.03715667953426745,,1.7692307692307694,1.7692307692307694,-0.09339611082911804,0.7340674937275902,0.4756332885170229,0.5164456585420346,92.1
3921,2016,CHI,Scott Darling,27,0.5004654338996246,0.3182555788066893,0.21708451503119688,-0.18013876473843268,-0.2028730453220249,0.994674842665806,0.990987030116509,0.99064381936414,1.747935950139239,-0.02959583235129607,0.049685781618224664,0.18627090405143376,0.9687871260395292,0.2665294232549449,0.5633632485596157,-0.5801838610827376,-0.5364426393889282,-0.0006083280866775941,,0.0,0.0,-0.0,0.6892236868393741,0.27731837038110596,0.5164456585420346,53.7
3954,2016,CHI,Michael Leighton,34,0.017257428755159468,0.0,0.0,-0.0,-0.0,0.01484589317411651,0.021488239173444716,0.022106417168516374,1.797604075498386,-0.017436304330996136,0.0,0.008098734958757991,0.024219678150988227,0.0,0.0,-0.0,-0.0,0.0,,0.0,0.0,-0.0,0.4996881338972652,0.14651735250647985,0.5164456585420346,28.37
4007,2017,EDM,Laurent Brossoit,23,0.14186385281605457,0.054794520547945216,0.07472111930421631,-0.023597539376031373,-0.0,0.16307740324594258,0.1962968965237825,0.19944409947071173,1.779708086230202,-0.022806530575235198,0.0,0.04931735808661716,0.21276595744680848,0.04263164195440631,0.534334990714148,-0.0,-0.0,0.0,,0.0,0.0,-0.0,0.5471895361850989,0.2140302972955007,0.5491965332569079,38.97
4029,2017,EDM,Jonas Gustavsson,32,0.12413087121404776,0.0684931506849315,0.018680279826054077,-0.07079261812809412,-0.04983506007444995,0.2520287141073658,0.17833508899873052,0.17135338123540025,1.6838186419290062,-0.03552776119760257,0.0,0.00821955968110286,0.2108433734939759,0.04263164195440631,0.42746799257131857,-0.3454437334441091,-0.0,0.0,,0.0,0.0,-0.0,0.6197086313421603,0.17920314084057049,0.5491965332569079,32.63
4084,2017,EDM,Cam Talbot,29,1.294507656946498,1.0,0.7845717526942713,-0.5191458662726902,-0.3986804805955996,2.535112359550562,2.7160818950382195,2.73322688429581,1.7624479862559868,-0.02739075782653876,0.3455034951823164,0.5753691776772002,2.7518584978210714,0.9165803020197356,0.6294466190612663,-1.1514791114803637,-0.5873937662998423,0.01416854324382085,,0.0,0.0,-0.12934525323265325,0.7755851300597563,0.5491965332569079,0.5491965332569079,100.0
4094,2018,NJD,Ken Appleby,22,0.051213621865795804,0.013251349924016253,0.0,-0.022774650823431306,-0.0,0.04015215553677092,0.0646082698585419,0.06696126006452137,1.7962682525207947,-0.015586435601529083,0.0,0.019956317814922537,0.07692257462077431,0.0,0.0,-0.0,-0.0,0.0,,0.0,0.0,-0.0,0.531723310549848,0.15486719665524662,0.54688717103475,28.32
4140,2018,NJD,Keith Kinkaid,28,0.6999194988325425,0.5035512971126177,0.47001994401039293,-0.22774650823431308,-0.14596958474509497,1.4187094956325723,1.4260807201503611,1.4267899259901862,1.7354422376206193,-0.029775466631886603,0.05415630182421227,0.2714059222829465,1.4255490038591885,0.39390879831003256,0.4994569767653987,-0.4250704380683296,-0.534805195927463,0.001416479017975611,,3.166666666666667,3.166666666666667,-0.05848056662114642,0.7210354881815604,0.36244702763117587,0.54688717103475,66.27
4174,2018,NJD,Cory Schneider,31,0.6828482915439439,0.5300539969606503,0.30732073262218,-0.3643944131749009,-0.29193916949019,1.5257819103972952,1.442526461568899,1.4345162252284005,1.7240373598268368,-0.03149534918102084,0.05415630182421227,0.2474583409050395,1.4466406775455298,0.39390879831003256,0.47448412792712874,-0.7438732666195769,-0.5726197047304149,-0.016019089985105994,,0.0,0.0,-0.0,0.749993201680404,0.32993550104870084,0.54688717103475,60.33
4211,2019,TBL,Louis Domingue,26,0.44089696074990203,0.337281727539698,0.37163925127623376,-0.10868902439024389,-0.0,0.9729390431022455,0.9494210387357146,0.9470913361890286,1.7403885631551228,-0.02847032123017052,0.0,0.17081516499678248,0.9499110110712696,0.2879749150770839,0.5918,-0.1998411077062763,-0.5605692496281144,-0.002375564360593962,,1.4090909090909092,1.4090909090909092,-0.18882257189365168,0.7550328951758922,0.301311919632453,0.507645935637714,59.35
4257,2019,TBL,Eddie Pasquale,28,0.050872726240373325,0.03891712240842668,0.03539421440726036,-0.02173780487804878,-0.0,0.1556702468963593,0.11926224870818088,0.11565565842199807,1.6905536483511217,-0.03914669169148446,0.0,0.011917337092798777,0.11075195644777136,0.020569636791220283,0.3663,-0.09992055385313818,-0.0,0.0,,0.0,0.0,-0.0,0.7629431468675815,0.18804835301653466,0.507645935637714,37.04
4277,2019,TBL,Andrei Vasilevskiy,24,0.898751496913262,0.687535829215538,0.6901871809415772,-0.21737804878048778,-0.2081051714307231,1.660482633561166,2.002904235657979,2.036824651098521,1.7729729305269701,-0.023725267691808768,0.2993854258121159,0.4925832665023495,1.9497212552673595,0.6993676509014893,0.7062,-0.6994438769719671,-0.4561494874424854,0.03464911553573514,,4.227272727272727,4.227272727272727,-0.2832338578404775,0.7602519006640494,0.4616456228454091,0.507645935637714,90.94
