,index,season,Unnamed: 0,age,gp,gs,wins,losses,ties,goals_against,shots,saves,save_pct,goals_avg,shutouts,gps,minutes,quality_starts,quality_start_pct,really_bad_starts,ga_pct_minus,gs_above_avg,goals_scored,assists,points,plm,mpg,name,team
0,35,1924,0.9333333333333333,31,1.375,,1.875,0.875,,1.0588235294117647,,,,0.606399187404774,2.25,1.9500000000000002,1.388869921474906,,,,,,,,,,1.0153643402339245,Clint Benedict*,OTS
1,37,1924,0.9866666666666667,29,0.125,,0.125,0.125,,0.21176470588235294,,,,1.3712544438801424,0.0,-0.037500000000000006,0.12290884260839877,,,,,,,,,,0.988413596178134,Sammy Hebert,OTS
2,44,1925,0.946236559139785,27,1.9565217391304348,,2.6206896551724137,1.3793103448275863,2.0,1.6,,,,0.758220502901354,3.1304347826086953,2.688963210702341,2.000545404963185,,,,,,0.0,0.0,0.0,0.22641509433962262,1.4613058599959365,Jake Forbes,HAM
3,50,1925,1.075268817204301,24,0.06521739130434782,,0.0,0.0,0.0,0.0,,,,0.0,0.0,0.0,0.00218161985274066,,,,,,1.0,1.0,1.0,1.2452830188679245,0.047807431665252365,Jesse Spring,HAM
4,53,1926,0.905982905982906,33,1.6941176470588235,,2.0869565217391304,1.1478260869565218,2.7272727272727275,1.5077452667814115,,,,0.7969560705638187,1.8947368421052633,2.16627078384798,1.7477064220183487,,,,,,0.0,0.0,0.0,0.0,1.1670863276296202,Clint Benedict*,MTM
5,69,1927,0.971830985915493,31,1.2970521541950115,,1.801980198019802,0.900990099009901,0.7222222222222222,0.9908987485779295,,,,0.7430015552099533,2.1411764705882352,1.7888283378746594,1.2876360611868514,,,,,,,,,0.0,0.9995652184653695,George Hainsworth*,MTL
6,83,1928,0.9764705882352941,32,1.493212669683258,,2.1311475409836067,0.9016393442622951,1.4189189189189189,0.8612440191387559,,,,0.5723110465116279,1.989795918367347,2.581967213114754,1.4967105263157894,,,,,,0.0,0.0,0.0,0.0,1.0661226893085882,George Hainsworth*,MTL
7,97,1929,0.97,31,0.033707865168539325,,0.08670520231213873,0.0,0.0,0.07009345794392524,,,,2.0098258150960255,0.0,-0.04092769440654843,0.03258508327299059,,,,,,0.0,,0.0,0.0,1.0611443144477157,Jake Forbes,NYA
8,101,1929,1.01,25,0.033707865168539325,,0.0,0.08670520231213873,0.0,0.07009345794392524,,,,2.0098258150960255,0.0,-0.04092769440654843,0.03258508327299059,,,,,,15.0,,15.0,6.3559322033898304,1.0611443144477157,Normie Himes,NYA
9,106,1929,1.06,31,0.37078651685393255,,0.26011560693641617,0.3468208092485549,0.6382978723404256,0.21028037383177572,,,,0.5091558731576598,0.5042016806722689,0.6957708049113231,0.38559015206372194,,,,,,0.0,,0.0,0.0,1.1415259962671302,Flat Walsh,NYA
10,107,1929,1.07,28,1.2808988764044944,,1.3872832369942196,1.0404624277456647,1.5957446808510638,1.074766355140187,,,,0.770433229120143,1.638655462184874,1.6780354706684852,1.2979724837074584,,,,,,0.0,,0.0,0.0,1.112344527619818,Roy Worters*,NYA
11,108,1930,0.9310344827586207,37,0.536036036036036,,0.44502617801047123,0.44502617801047123,0.2931034482758621,0.4573405073020753,,,,0.9581581964081008,0.0,0.4174624829467941,0.44080962800875273,,,,,,,,,,0.8273142629353796,Clint Benedict*,MTM
12,112,1930,0.9655172413793104,25,0.038288288288288286,,0.08900523560209425,0.0,0.0,0.026133743274404302,,,,0.649598777225831,0.0,0.046384720327421566,0.037199124726477024,,,,,,,,,,0.9774121958044101,Abbie Cox,MTM
13,123,1930,1.0603448275862069,32,1.2252252252252251,,1.5130890052356023,0.9790575916230367,1.1724137931034484,1.0061491160645657,,,,0.7730225448987389,1.3076923076923077,1.5306957708049116,1.2021517140773157,,,,,,,,,,0.9870885765428736,Flat Walsh,MTM
14,133,1931,1.0075757575757576,35,1.4798206278026906,,2.085561497326203,0.8021390374331551,1.8181818181818181,1.2666034155597723,,,,0.7527020072053527,2.0338983050847457,1.903137789904502,1.5032918800292612,,,,,,,0.0,0.0,,1.029390858748657,George Hainsworth*,MTL
15,147,1932,0.98,36,2.558375634517766,,3.343949044585987,2.006369426751592,2.1,2.413793103448276,,,,0.17463451680273398,2.7391304347826084,2.9577464788732395,2.6163021868787273,,,,,,0.0,0.0,0.0,0.11830985915492957,1.3922081191960782,George Hainsworth*,MTL
16,151,1932,1.0066666666666666,29,0.0532994923857868,,0.0,0.1337579617834395,0.0,0.0219435736677116,,,,2.3922536548319724,0.0,-0.03286384976525822,0.001739562624254473,,,,,,3.28125,2.1724137931034484,2.7540983606557377,3.549295774647887,0.044431937676802084,Albert Leduc,MTL
17,172,1933,1.026865671641791,29,1.5412844036697249,,1.9553072625698322,1.1731843575418994,1.5135135135135136,1.2533062054933877,,,,0.779746835443038,2.6101694915254234,2.0776699029126213,1.55902004454343,,,,,,0.0,0.0,0.0,0.0,1.080621795956375,Tiny Thompson*,BOS
18,177,1934,0.9698630136986301,33,1.724770642201835,,1.8876404494382022,1.797752808988764,1.263157894736842,1.5553416746871993,,,,0.6817620419925896,2.4150943396226414,2.0278551532033426,1.7276247372496958,,,,,,0.0,,0.0,0.8421052631578947,1.0978479594770076,Lorne Chabot,MTL
19,180,1934,0.9863013698630136,23,1.1009174311926606,,1.4382022471910112,0.5393258426966292,1.6842105263157894,0.7237728585178056,,,,0.48414985590778103,1.509433962264151,1.8272980501392757,1.1328686801637349,,,,,,0.0,,0.0,0.0,1.1278414942137547,Wilf Cude,MTL
20,202,1935,1.0253807106598984,31,1.4411085450346421,,1.7883597883597884,1.1005291005291005,1.4444444444444444,1.3394664213431464,,,,0.8273725711067307,2.03921568627451,1.625,1.442986881937437,,,,,,0.0,0.0,0.0,0.0,1.0806379239929496,Tiny Thompson*,BOS
21,210,1936,1.0023866348448687,28,0.031168831168831165,,0.0,0.0,0.0,0.01444043321299639,,,,0.8133755083596926,0.0,0.037383177570093455,0.019983347210657785,,,,,,,0.0,0.0,,0.6556454487961393,Percy Jackson,BOS
22,214,1936,1.0214797136038185,32,1.496103896103896,,1.6708860759493671,1.518987341772152,1.0588235294117647,1.184115523465704,,,,0.9109805693628557,2.2641509433962264,1.9439252336448596,1.4637801831806827,,,,,,,12.0,12.0,,1.0005477371353484,Tiny Thompson*,BOS
23,221,1937,0.9932584269662922,26,1.6,,1.878048780487805,1.4512195121951221,1.25,1.4651162790697674,,,,0.9075230449003866,1.9444444444444442,1.8375,1.599163179916318,,,,,,,0.0,0.0,0.0,1.0588193706300526,Wilf Cude,MTL
24,239,1938,1.019189765458422,34,1.25,,1.9230769230769231,0.7051282051282052,0.9722222222222222,0.9156378600823045,,,,0.7428807263722658,1.9444444444444444,1.794071762870515,1.241638795986622,,,,,,,,,,0.9848817664361844,Tiny Thompson*,BOS
25,240,1939,0.975609756097561,23,0.9615384615384616,,0.8181818181818182,1.0909090909090908,1.04,1.0590318772136953,,,,0.7403825488931872,0.6499999999999999,0.8183453237410074,0.974063400576369,,,,,,0.0,0.0,0.0,0.0,1.144343596500385,Claude Bourque,MTL
26,244,1939,0.991869918699187,28,0.8846153846153846,,0.5454545454545454,1.0909090909090908,1.3,1.1818181818181817,,,,0.8968407479045777,0.6499999999999999,0.4208633093525181,0.899135446685879,,,,,,0.0,0.0,0.0,0.0,1.1481764139950736,Wilf Cude,MTL
27,253,1940,0.9787234042553191,24,1.317507418397626,,0.7346938775510204,2.0408163265306123,0.8571428571428571,1.7634408602150538,,,,0.9789156626506024,1.0588235294117647,0.5376344086021506,1.3121387283236994,,,,,,0.0,0.0,0.0,0.0,1.0394965541293264,Claude Bourque,DET
28,260,1940,1.0058027079303675,34,0.03560830860534125,,0.0,0.08163265306122448,0.0,0.043010752688172046,,,,0.9036144578313252,0.0,0.021505376344086027,0.03468208092485549,,,,,,0.0,0.0,0.0,0.0,1.0166059762311874,Alfie Moore,DET
29,264,1940,1.0212765957446808,36,1.6379821958456975,,1.3061224489795917,1.9591836734693877,1.7142857142857142,1.7204301075268817,,,,0.7650602409638554,1.0588235294117647,1.4838709677419357,1.6358381502890174,,,,,,0.0,0.0,0.0,0.0,1.0423938811615852,Tiny Thompson*,DET
30,267,1941,0.9870609981515711,25,1.7041420118343193,,2.3649635036496353,0.7007299270072993,2.5161290322580645,1.36,,,,0.7401043264805152,3.272727272727273,2.3529411764705883,1.730550284629981,,,,,,0.0,,0.0,0.0,1.110199574031711,Frank Brimsek*,BOS
31,286,1942,1.0123893805309734,21,1.2857142857142858,,1.0,1.6153846153846154,1.0,1.478510028653295,,,,1.117252481888919,0.6,0.9608540925266905,1.287776708373436,,,,,,,,,,0.9946795413914552,Chuck Rayner*,BRO
32,287,1942,1.015929203539823,31,0.42857142857142855,,0.23076923076923078,0.6153846153846154,0.5,0.5272206303724928,,,,1.1848671854038102,0.0,0.2775800711743773,0.43310875842155916,,,,,,,,,,1.003607634911629,Earl Robertson,BRO
33,292,1943,0.9965870307167235,27,1.5,,1.8305084745762712,1.2966101694915255,1.265625,1.4626038781163435,,,,0.8299711815561959,0.8181818181818181,1.548,1.495016611295681,,,,,,,,,,0.9944348479435456,Frank Brimsek*,BOS
34,299,1944,0.9819376026272578,24,1.3488372093023255,,1.3582089552238807,1.462686567164179,0.875,0.9942857142857143,,,,0.6898817345597897,5.384615384615384,1.9599999999999997,1.3533333333333333,,,,,,,0.0,0.0,0.0,1.0166205354927644,Paul Bibeault,TOR
35,309,1944,1.0147783251231528,19,0.046511627906976744,,0.1044776119402985,0.0,0.0,0.045714285714285714,,,,0.9198423127463863,0.0,0.055999999999999994,0.04666666666666666,,,,,,,0.0,0.0,0.0,1.0166205354927644,Jean Marois,TOR
36,315,1945,0.995260663507109,29,1.6556291390728477,,2.857142857142857,0.6015037593984962,1.1764705882352942,1.0980036297640654,,,,0.6514131897711979,0.9090909090909091,2.634730538922155,1.6666666666666667,,,,,,,0.0,0.0,,1.0076125125321806,Bill Durnan*,MTL
37,329,1946,1.0045801526717557,34,1.9136212624584719,,2.078740157480315,1.795275590551181,1.826086956521739,1.9880239520958083,,,,0.9364005412719891,0.9230769230769231,1.8000000000000003,1.92,,,,,,,,,0.0,1.005953287441372,Mike Karakas,CBH
38,333,1946,1.016793893129771,21,0.079734219269103,,0.09448818897637795,0.09448818897637795,0.0,0.1437125748502994,,,,1.6238159675236805,0.0,-0.024000000000000004,0.08,,,,,,,,,0.0,1.005953287441372,Doug Stevenson,CBH
39,338,1947,0.9985228951255539,31,1.6666666666666667,,2.207792207792208,1.0389610389610389,1.923076923076923,1.2126537785588754,,,,0.6139882541377469,2.0,2.4499999999999997,1.6666666666666667,,,,,,,,,0.0,1.0,Bill Durnan*,MTL
40,346,1948,0.9914040114613181,20,0.030303030303030304,,0.0,0.07534246575342465,0.0,0.06267806267806267,,,,2.592329817833173,0.0,-0.07345575959933223,0.014769202277883236,,,,,,,,,0.0,0.5682870865221543,Bob DeCourcy,NYR
41,349,1948,1.0,27,1.4545454545454546,,1.2808219178082192,1.3561643835616437,2.1029411764705883,1.587844254510921,,,,0.6686481303930968,0.9565217391304348,1.2671118530884808,1.4662252882077875,,,,,,,,,0.0,1.1753548676728376,Jim Henry,NYR
42,354,1948,1.0143266475644699,27,0.36363636363636365,,0.3013698630136986,0.5273972602739726,0.0,0.4387464387464387,,,,0.7698945349952061,0.0,0.20200333889816363,0.35191444048335574,,,,,,,,,0.0,1.1284025966622486,Chuck Rayner*,NYR
43,363,1949,1.0097357440890125,22,1.6666666666666667,,2.236842105263158,1.25,1.25,1.4826175869120655,,,,0.9550118389897396,2.0,1.9800332778702165,1.6666666666666667,,,,,,,,,7.5,1.0,Harry Lumley*,DET
44,369,1950,0.9946091644204852,23,0.030878859857482184,,0.0,0.07692307692307693,0.0,0.09067131647776809,,,,2.7296587926509184,0.0,-0.0743919885550787,0.030953609270209133,,,,,,,0.0,0.0,0.0,1.0137809219427683,Emile Francis*,NYR
45,375,1950,1.0107816711590296,29,2.1306413301662706,,2.1538461538461537,2.3076923076923075,1.7439024390243902,2.051438535309503,,,,0.8939632545931758,1.902439024390244,2.28755364806867,2.1357990396444304,,,,,,,0.0,0.0,3.5454545454545454,1.0137809219427683,Chuck Rayner*,NYR
46,381,1951,0.996078431372549,26,1.6548463356973997,,1.3333333333333333,1.8181818181818181,2.0,1.7387466902030009,,,,0.9049919484702094,1.1111111111111112,1.535150645624103,1.666335965712925,,,,,,,,,1.8181818181818181,1.019658504661777,Jack Gelineau,BOS
47,397,1952,1.0114649681528662,22,1.6587677725118481,,2.558139534883721,0.813953488372093,1.5789473684210527,1.234911792014856,,,,0.6297646668876368,3.6363636363636367,2.409288824383164,1.6666666666666667,,,,,,,,,1.6666666666666667,1.1336047686973936,Terry Sawchuk*,DET
48,398,1953,0.9875930521091811,28,0.02619047619047619,,0.0,0.0,0.11702127659574468,0.03313253012048193,,,,1.2145748987854252,0.0,0.01585014409221902,0.02619047619047619,,,,,,,,,0.0,1.0,Red Almas,DET
49,399,1953,0.9900744416873449,21,0.15714285714285714,,0.26993865030674846,0.06748466257668712,0.11702127659574468,0.11044176706827309,,,,0.6761133603238867,0.23404255319148937,0.23775216138328528,0.15714285714285714,,,,,,,,,0.0,1.0,Glenn Hall*,DET
50,407,1953,1.0099255583126552,23,1.6500000000000001,,2.1595092024539877,1.0122699386503067,1.872340425531915,1.3142570281124497,,,,0.7651821862348178,2.1063829787234045,2.2190201729106627,1.65,,,,,,,,,2.8518518518518516,1.0,Terry Sawchuk*,DET
51,411,1954,0.991556091676719,29,0.05700712589073634,,0.0,0.13559322033898305,0.0,0.21664994984954866,,,,3.1652989449003517,0.0,-0.20809248554913296,0.05714739265021033,,,,,,,0.0,0.0,0.0,1.065512755815554,Jack Gelineau,CBH
52,414,1954,0.9987937273823885,29,0.05700712589073634,,0.0,0.13559322033898305,0.0,0.13239719157472418,,,,1.9343493552168816,0.0,-0.06936416184971099,0.05714739265021033,,,,,,,0.0,0.0,0.0,1.065512755815554,Jean Marois,CBH
53,418,1954,1.008443908323281,27,1.8812351543942991,,0.8135593220338984,3.1864406779661016,1.2727272727272727,2.5516549648946842,,,,1.1289566236811255,1.090909090909091,0.7456647398843931,1.8849115009127708,,,,,,,0.0,0.0,4.2105263157894735,1.064979999437646,Al Rollins,CBH
54,430,1955,1.0046728971962617,28,2.4468085106382977,,2.15625,2.25,3.3,1.8803418803418803,,,,0.7222082177968238,3.3333333333333335,3.491379310344828,2.4710309401505195,,,,,,,0.0,0.0,5.3999999999999995,1.0182591584505924,Harry Lumley*,TOR
55,431,1955,1.0070093457943925,24,0.03546099290780142,,0.09375,0.0,0.0,0.014245014245014245,,,,0.3781194857574994,0.0,0.06465517241379311,0.03583801218492414,,,,,,,0.0,0.0,0.0,1.0189894342117776,Gilles Mayer,TOR
56,442,1956,1.0,25,0.1852731591448931,,0.2254335260115607,0.2254335260115607,0.0,0.14913957934990438,0.17491493968450356,0.17718324078748107,1.005232558139535,0.9302325581395348,0.3023255813953489,0.24599708879184864,0.18578063594140765,,,,0.0,-0.0,,,,0.0,1.0647359454855194,Bob Perreault,MTL
57,443,1956,1.002262443438914,27,1.9762470308788598,,3.1560693641618496,0.9017341040462428,1.7567567567567568,1.4789674952198852,1.6978812248685433,1.7171462224465759,1.004152823920266,0.8651162790697673,2.116279069767442,2.8573508005822417,1.9816601167083483,,,,1.5345997286295794,-53.99292452830186,,,,2.096774193548387,1.0647359454855194,Jacques Plante*,MTL
58,452,1957,0.9966923925027563,25,1.6666666666666667,,2.235294117647059,1.1764705882352942,1.5,1.3913824057450628,1.721298369043812,1.7535545023696681,1.0257543937216755,0.8063930257900472,1.3333333333333333,2.1418234442836472,1.6667990153259749,,,,1.0125,36.68331668331668,,0.0,0.0,0.30303030303030304,1.000181787555391,Glenn Hall*,DET
59,469,1958,1.0075187969924813,28,2.322274881516588,,2.3068181818181817,2.3068181818181817,2.4705882352941178,2.471293916023993,2.380833072345756,2.3717363205514865,1.0151430173864278,0.8864958001292268,1.135135135135135,2.1040462427745665,2.3334259737166,,,,1.665903890160183,-8.56818181818182,,,,6.575757575757575,1.0444803001596092,Terry Sawchuk*,DET
60,476,1959,0.9906347554630593,20,0.11347517730496454,,0.0,0.2711864406779661,0.0,0.1461794019933555,0.13089993706733793,0.12930135557872785,1.0130311614730878,1.03929203539823,0.0,0.06906474820143885,0.11431746913825269,,,,0.0,0.0,,0.0,0.0,0.0,1.131680451163273,Bruce Gamble,NYR
61,480,1959,0.9989594172736732,25,0.037825059101654845,,0.0,0.0,0.0,0.026578073089700997,0.011327879169288861,0.009732360097323601,0.8815864022662889,1.8038938053097346,0.0,-0.02302158273381295,0.01206684396459334,,,,0.0,0.0,,0.0,0.0,0.0,0.3583654762017031,Julian Klymkiw,NYR
62,482,1959,1.0031217481789803,26,0.037825059101654845,,0.0,0.0,0.24242424242424243,0.053156146179401995,0.040276903713027064,0.038929440389294405,0.9915014164305949,1.1327433628318584,0.0,0.02302158273381295,0.03810582304608423,,,,0.0,0.0,,0.0,0.0,0.0,1.131680451163273,Marcel Paille,NYR
63,488,1959,1.015608740894901,29,2.49645390070922,,2.3502824858757063,2.621468926553672,2.6666666666666665,2.564784053156146,2.6456891126494653,2.654153632255822,1.0288951841359772,0.8325663716814159,1.1428571428571428,2.394244604316547,2.5010121859246617,,,,1.9974259974259974,9.832492431886989,,0.0,0.0,4.102564102564102,1.1253996246593168,Gump Worsley*,NYR
64,489,1960,0.9858870967741935,26,0.10688836104513064,,0.0,0.25862068965517243,0.0,0.11020408163265305,0.09273919927618185,0.09096195381292574,0.9968637992831543,0.8949880668257755,0.0,0.10806916426512969,0.10724073559200857,,,,0.0,0.0,,0.0,0.0,0.0,1.0246846532979474,Gilles Boisvert,DET
65,498,1960,1.0040322580645162,23,0.32066508313539194,,0.1724137931034483,0.5172413793103449,0.20833333333333334,0.3795918367346939,0.283872427052703,0.27413191560059813,0.9811827956989246,1.0322195704057278,0.6,0.21613832853025938,0.3205306430472256,,,,0.0,0.0,,0.0,0.0,0.0,1.020893320080745,Dennis Riggin,DET
66,500,1960,1.0080645161290323,30,2.0665083135391926,,2.0689655172413794,1.7241379310344829,2.916666666666667,1.8857142857142857,1.9045464826962224,1.9064628675859778,1.0181451612903227,0.7935560859188543,3.0,2.377521613832853,2.070937760654566,,,,1.5933476394849786,2.1771913289349665,,0.0,0.0,5.689655172413793,1.023506265946655,Terry Sawchuk*,DET
67,508,1961,0.9941291585127201,27,1.0588235294117647,,1.5789473684210527,0.7017543859649122,0.7692307692307692,0.8922829581993569,0.9727568848090021,0.9809197651663405,1.0857368629000392,0.844925883694413,3.1578947368421053,1.3715529753265603,1.0712157921912857,,,,1.511500547645126,11.408209806157357,0.0,0.0,0.0,0.0,1.0971287772742973,Charlie Hodge,MTL
68,513,1961,1.0039138943248533,32,1.411764705882353,,2.017543859649123,0.9649122807017544,1.1538461538461537,1.35048231511254,1.2970091797453362,1.2915851272015655,1.071513235875148,0.9578107183580389,1.5789473684210527,1.5674891146589263,1.4298764745601145,,,,1.7086527929901423,-7.576966932725201,0.0,0.0,0.0,0.3529411764705882,1.0983552739969271,Jacques Plante*,MTL
69,529,1962,1.0066603235014273,33,2.322274881516588,,3.3793103448275863,1.1264367816091954,2.722222222222222,1.8592,2.2762514113662022,2.3195679268799334,1.0256369553139137,0.7011834319526629,1.9310344827586206,3.1560693641618496,2.3333333333333335,,,,1.1422885572139303,63.892156862745104,,0.0,0.0,2.4499999999999997,1.0661928031985783,Jacques Plante*,MTL
70,533,1963,0.987037037037037,30,0.5930232558139534,,0.5521472392638036,0.5521472392638036,0.7978723404255319,0.6341463414634146,0.5686245130356608,0.5619739230896188,0.9912332400176808,1.0320207702293378,0.0,0.4992764109985527,0.5835649067090115,,,,1.627906976744186,-251.71874999999838,,7.5,7.5,3.6206896551724137,1.0334423698165343,Hank Bassen,DET
71,543,1963,1.0055555555555555,26,0.313953488372093,,0.460122699386503,0.2760736196319018,0.1595744680851064,0.2682926829268293,0.24048546598741385,0.2376629806898828,0.9912332400176808,0.9346603202077022,0.0,0.2821997105643994,0.27332274712187377,,,,0.0,0.0,,0.0,0.0,0.0,0.9142810703183729,Dennis Riggin,DET
72,544,1963,1.0074074074074073,33,1.6744186046511627,,1.9325153374233128,1.4723926380368098,1.1170212765957448,1.4268292682926829,1.492358405753671,1.4990097375804587,1.0078090467069396,0.8243184768498485,2.368421052631579,2.0188133140376263,1.6435093290988487,,,,1.3953488372093024,251.71874999999838,,0.0,0.0,3.6206896551724137,1.03080708908444,Terry Sawchuk*,DET
73,554,1964,0.9981981981981982,30,2.1882352941176473,,2.8285714285714287,1.542857142857143,2.357142857142857,1.8213356461405033,1.90944738944158,1.9174988112220637,1.0324704474038606,0.624079528718704,3.0,2.88712011577424,2.214900964553646,,,,1.744186046511628,5.753541076487252,,0.0,0.0,1.875,1.0684648534422376,Charlie Hodge,MTL
74,556,1964,1.0018018018018018,26,0.03529411764705882,,0.0,0.08571428571428572,0.0,0.052038161318300094,0.018517173770967975,0.015454113171659532,0.8585216220260363,1.8225331369661266,0.0,-0.02170767004341534,0.02143452546342238,,,,0.0,0.0,,0.0,0.0,0.0,0.6410789120653426,Jean-Guy Morissette,MTL
75,562,1964,1.0126126126126127,34,0.2823529411764706,,0.2571428571428572,0.17142857142857143,0.42857142857142855,0.2862098872506505,0.2200275942197371,0.21398002853067047,0.9999251833009127,0.822901325478645,0.375,0.21707670043415336,0.26435914738220934,,,,0.0,0.0,,0.0,0.0,0.0,0.9883299894340698,Gump Worsley*,MTL
76,565,1965,0.9938434476693052,26,0.8430913348946135,,0.994475138121547,0.7955801104972375,0.6206896551724138,0.7430962343096235,0.8194136109622598,0.8270980788675429,1.0212529002320188,0.7725190839694656,1.3333333333333333,1.0043290043290043,0.8375749394528924,,,,0.9963503649635037,38.80851063829783,,2.4,2.4,0.0,1.0561127481459454,Denis DeJordy,CBH
77,566,1965,0.9956024626209323,33,1.1522248243559718,,1.2596685082872927,1.0607734806629834,1.0344827586206897,0.994142259414226,1.182270535099135,1.2012133468149646,1.0279350348027843,0.7450381679389313,1.7777777777777777,1.4545454545454548,1.1620280303331085,,,,0.9197080291970804,95.64255319148927,,0.0,0.0,0.42857142857142855,1.0721166409847438,Glenn Hall*,CBH
78,579,1966,0.9914383561643836,24,0.45336225596529284,,0.3131868131868132,0.3131868131868132,0.0,0.3451816745655608,0.32768532526475036,0.32583235736991806,1.0005857887645715,0.9237166160243084,0.0,0.3280575539568345,0.34255986656606174,,,,0.0,0.0,,2.375,2.375,0.0,0.8314640456347946,Dave Dryden,CBH
79,583,1966,0.9982876712328768,34,2.637744034707158,,3.5494505494505493,2.2967032967032965,2.7142857142857144,2.4612954186413902,2.8183812405446296,2.8561987619206963,1.0195067658602306,0.79913641452103,3.0399999999999996,3.4446043165467626,2.825741630594496,,,,1.4602473498233215,41.31718464351004,,4.75,4.75,5.115384615384615,1.1788324108827961,Glenn Hall*,CBH
80,599,1967,0.9933665008291874,28,1.8253275109170306,,2.3351955307262573,1.2737430167597765,2.1451612903225805,1.5909822866344607,1.9197961172325912,1.9535498801553848,1.0255555555555556,0.7676137296764657,2.6206896551724137,2.4675324675324677,1.91313155386082,,,,1.1097818437719917,46.50455580865601,,0.0,0.0,0.0,1.0657926123391208,Denis DeJordy,CBH
81,603,1967,1.0,35,1.3275109170305677,,2.016759776536313,0.5307262569832403,1.532258064516129,1.0096618357487923,1.2005846638183044,1.2201834862385321,1.0244444444444445,0.7426506815569058,1.3103448275862069,1.6724386724386724,1.2565538608198286,,,,1.123152709359606,27.006833712984044,,0.0,0.0,4.523809523809524,0.9625135455378345,Glenn Hall*,CBH
82,621,1968,0.9888535031847133,29,1.6028955532574973,,1.7690217391304348,1.1793478260869565,2.8552631578947367,1.6268962689626898,1.655786350148368,1.6586599241466498,1.0079231949748384,0.9005252438632222,1.6756756756756757,1.6974674880219027,1.652704175592889,,,,1.310047434238896,3.5702688990360207,,0.0,0.0,0.0,1.0614477941771057,Denis DeJordy,CBH
83,622,1968,0.9904458598726115,26,0.8655635987590485,,0.7581521739130435,0.7581521739130435,0.40789473684210525,0.8769987699877,0.7910979228486648,0.7825537294563844,0.995752881972947,1.0866116411190911,0.4189189189189189,0.48802190280629704,0.7375126846318638,,,,1.483829236739974,-10.632166412988326,,0.0,0.0,0.0,0.8771629471478728,Dave Dryden,CBH
84,634,1968,1.0095541401273886,25,0.22440537745604963,,0.16847826086956522,0.25271739130434784,0.0,0.2796227962279623,0.19317507418397628,0.1845764854614412,0.9614547271494345,1.3125736949297888,0.4189189189189189,0.04243668720054757,0.19457285676701622,,,,0.0,0.0,,0.0,0.0,0.0,0.8925964055580969,Jack Norris,CBH
85,648,1969,0.9781132075471698,28,2.0060913705583756,,2.70712401055409,1.2031662269129288,3.207792207792208,2.0506140677335316,2.1253115716870967,2.132857142857143,1.0016782407407403,0.9666575815390206,1.8688524590163933,2.352862849533955,2.1623075937551475,,,,1.3581533879374534,18.141048824593124,,0.0,0.0,5.659574468085106,1.1979048802118322,Gerry Cheevers*,BOS
86,664,1969,1.0022641509433963,33,0.9258883248730964,,1.503957783641161,0.6015831134564644,0.7402597402597403,1.0465202828433195,0.9367978966777069,0.9257142857142857,0.987384259259259,1.0667756881984192,1.2459016393442621,0.9107856191744342,1.0008236176949687,,,,1.5845122859270289,-26.661844484629288,,4.75,4.75,0.0,1.2013109789212053,Eddie Johnston,BOS
87,665,1969,1.0037735849056604,22,0.03857868020304568,,0.0,0.0,0.0,0.0,0.005190016048075938,0.005714285714285714,1.0995370370370368,0.0,0.0,0.025299600532623173,0.006259494481761444,,,,0.0,0.0,,0.0,0.0,0.0,0.18032287284917523,Joe Junkin,BOS
88,685,1970,0.98067287043665,29,1.4520833333333334,,2.2356164383561645,0.7452054794520548,1.4945054945054945,1.4015267175572519,1.527332594160535,1.539476108020484,1.0209776499803946,0.8314303695046301,1.9710144927536233,1.6254980079681278,1.4831838975297347,,,,1.2877727459860024,16.15,,0.0,0.0,1.1623931623931623,1.0525967187348588,Gerry Cheevers*,BOS
89,700,1970,1.0021474588403723,34,1.3104166666666668,,1.4904109589041097,0.8383561643835618,2.054945054945055,1.4015267175572519,1.314854013372308,1.3064878605902073,1.0065350934518362,0.9109053312955138,1.4782608695652175,1.264276228419655,1.3525343092406221,,,,1.4977356937011117,-11.133333333333333,,3.7777777777777777,3.7777777777777777,0.5811965811965811,1.0636574382193806,Eddie Johnston,BOS
90,718,1971,0.9755434782608695,30,1.3874788494077834,,2.4065217391304348,0.7130434782608696,1.191860465116279,1.3284780023781213,1.5636792452830188,1.5888740287861418,1.0267896115233517,0.7778858850510806,2.0847457627118646,1.8064696040156172,1.5022470192601651,,,,1.1605061605061604,29.307407407407403,,0.0,0.0,1.1631205673758866,1.1557154153246803,Gerry Cheevers*,BOS
91,736,1971,1.0,35,1.3181049069373942,,2.673913043478261,0.5347826086956522,0.4767441860465116,1.1700356718192628,1.3089622641509433,1.3238440962934657,1.0223155827149712,0.7208979081242615,2.7796610169491527,1.8750697155605138,1.4270406603485173,,,,1.215118215118215,17.311111111111106,,3.416666666666667,3.416666666666667,1.7446808510638299,1.1556382712001698,Eddie Johnston,BOS
92,761,1972,0.9794079794079794,31,1.4392123287671232,,2.4383259911894273,0.45154185022026433,1.7826086956521738,1.258280158006685,1.5337989818870605,1.5635308390989278,1.0293074278229548,0.756569235311485,1.3015873015873016,1.9501958589815334,1.5164529489981506,,,,1.0068882899071578,30.743050847457635,,2.7333333333333334,2.7333333333333334,5.823863636363636,1.0746724669758072,Gerry Cheevers*,BOS
93,777,1972,1.0,36,1.3339041095890412,,2.4383259911894273,0.722466960352423,0.6684782608695652,1.2707383773928898,1.2207292529892269,1.2153326556710495,1.0058123669704744,0.8201210510776498,1.3015873015873016,1.6748740906547286,1.4149383300982745,,,,1.2770290506139563,-5.5732203389830515,,5.466666666666667,5.466666666666667,0.0,1.0819007973056631,Eddie Johnston,BOS
94,799,1973,0.974390243902439,23,0.7805429864253394,,0.7541899441340782,0.5865921787709497,0.7758620689655172,0.6694768162658071,0.716294308859192,0.7217311180857496,1.010946635153626,0.9509945040565299,0.0,0.6798245614035087,0.6711566500354472,,,,1.0788863109048723,198.94736842105203,,1.6071428571428572,1.6071428571428572,0.5555555555555556,0.8728061419024645,Michel Belhumeur,PHI
95,816,1973,0.9951219512195122,27,1.493212669683258,,1.675977653631285,1.2569832402234637,1.0344827586206897,1.2720059509050334,1.5846705536350034,1.6209795847850499,1.0255006841646968,0.833224286835907,1.875,1.7543859649122806,1.4524672614668468,,,,0.9280742459396751,1327.2631578947328,,3.2142857142857144,3.2142857142857144,1.1111111111111112,0.9873666741217265,Doug Favell,PHI
96,837,1973,1.0207317073170732,28,0.7805429864253394,,0.6703910614525139,0.6703910614525139,1.0344827586206897,0.8703198611455493,0.809168773541097,0.8020674364364075,0.9941535016793132,1.2071447265113846,0.0,0.3728070175438596,0.6868069396326864,,,,1.2529002320185614,-259.5789473684203,,1.6071428571428572,1.6071428571428572,0.0,0.8931688579074911,Bobby Taylor,PHI
97,844,1974,0.9734717416378316,31,0.18365817091454273,,0.18846153846153849,0.18846153846153849,0.23557692307692307,0.1991869918699187,0.16445125657355777,0.16041881728358648,0.9945888199911751,0.8702408702408704,0.0,0.19103313840155947,0.1966739360207645,,,,0.0,0.0,,2.3333333333333335,2.3333333333333335,0.0,1.1385847391692128,Ken Broderick,BOS
98,846,1974,0.9757785467128027,36,0.7713643178410795,,1.5076923076923079,0.2826923076923077,0.0,0.5726626016260162,0.7199598319283317,0.7370594307624244,1.043521679555958,0.6418026418026419,2.333333333333333,1.098440545808967,0.7670283504809815,,,,1.122565864833906,11.089917734838338,,0.0,0.0,0.3967611336032389,1.057251835967892,Ross Brooks,BOS
99,863,1974,0.9953863898500577,24,1.9835082458770616,,3.203846153846154,1.1307692307692307,1.8846153846153846,1.9669715447154472,2.0744166380381066,2.0868898392567465,1.0253141039039457,0.8049728049728051,4.666666666666666,2.3401559454191037,2.1024443760619724,,,,1.3330469644902636,8.090109049167781,,2.3333333333333335,2.3333333333333335,1.785425101214575,1.1269901512420062,Gilles Gilbert,BOS
100,927,1975,1.0109051254089423,29,2.25928338762215,,3.7462437395659434,1.1919866444073457,1.896694214876033,1.438542310067943,1.9282665160926031,1.988609264802882,1.0442754221220973,0.5428929242329368,7.199999999999999,4.016088060965284,2.3850834492350486,,,,1.0399673735725936,33.696557586060365,,0.0,0.0,2.5579937304075235,1.0992781514399919,Bernie Parent*,PHI
101,937,1975,1.0218102508178843,30,0.3986970684039088,,0.5959933222036728,0.17028380634390652,0.21074380165289255,0.304508956145769,0.31561829474872954,0.31698716322492265,1.016974103896683,0.7265184721352536,0.6,0.4966130397967824,0.3771210013908206,,,,0.0,0.0,,0.0,0.0,0.0,0.984956039597055,Wayne Stephenson,PHI
102,938,1975,1.0229007633587786,30,0.0996742671009772,,0.0,0.17028380634390652,0.21074380165289255,0.1365040148239654,0.08063241106719368,0.07374803389314527,0.9259697098119688,1.7351283656856604,0.0,-0.04318374259102456,0.07093184979137691,,,,0.0,0.0,,0.0,0.0,0.31974921630094044,0.7410281111193447,Bobby Taylor,PHI
103,961,1976,0.9917440660474717,26,0.8677144728225279,,0.8745874587458745,0.787128712871287,0.4649122807017544,0.9298245614035088,0.903368028725967,0.9000944914063896,1.0163881261755996,0.9966699314397649,0.0,0.6261603375527427,0.815687229625506,,,,1.4518617021276596,-3.24298356510746,,0.0,0.0,0.507177033492823,0.9709137268517397,Gary Inness,PHI
104,973,1976,1.0041279669762642,24,0.03470857891290111,,0.0,0.0,0.0,0.010939112487100102,0.002408981409935912,0.001353525550987052,0.5729358095691091,2.478697355533791,0.0,0.0,0.003688111060853833,,,,0.0,0.0,,0.0,0.0,0.0,0.10974910250773244,Jerome Mrazek,PHI
105,976,1976,1.0072239422084623,30,0.38179436804191225,,0.5247524752475248,0.1749174917491749,0.4649122807017544,0.2625386996904025,0.31196309258670063,0.31807850448195724,1.039305558558364,0.6099412340842312,0.0,0.5814345991561183,0.37741669856070886,,,,0.0,0.0,,0.0,0.0,0.507177033492823,1.0209959006294351,Bernie Parent*,PHI
106,989,1976,1.020639834881321,31,2.2907662082514735,,3.498349834983498,0.8745874587458745,3.254385964912281,1.7940144478844169,2.136766510613154,2.179176137089154,1.040451430177502,0.6696376101860921,0.8153846153846154,3.287341772151899,2.3425652088189928,,,,1.1840425531914895,41.98457648546146,,0.0,0.0,2.7894736842105265,1.0561887795002478,Wayne Stephenson,PHI
107,1003,1977,0.9814090019569471,29,1.9310344827586208,,3.5799011532125204,0.5238879736408567,1.8761061946902653,1.313492904045753,1.7888896610836982,1.8472662955834156,1.0440666352618733,0.5976708647309903,6.794871794871796,3.207363520947947,2.012183812107301,,,,1.0705589374654123,67.101644245142,,3.1176470588235294,3.1176470588235294,0.0,1.0996269589974195,Ken Dryden*,MTL
108,1017,1977,0.9951076320939335,24,0.896551724137931,,1.6589785831960462,0.17462932454695224,0.9380530973451326,0.5950010590976488,0.7268515301040146,0.7430421890443739,1.032718084878592,0.5837065921905465,2.717948717948718,1.5251798561151075,0.9363566808096264,,,,1.202545655783066,18.60149476831091,,0.0,0.0,0.0,1.1021277350575176,Michel Larocque,MTL
109,1057,1978,0.9832558139534884,30,1.8179419525065963,,3.335034013605442,0.6309523809523809,1.4053030303030303,1.189102564102564,1.684138029306291,1.7460389558340237,1.0469864804062303,0.5737748204478241,3.955223880597015,3.070190274841438,1.8855066247812025,,,,0.9302843016069222,554.2177033492812,,2.717948717948718,2.717948717948718,0.0,1.1121628674964728,Ken Dryden*,MTL
110,1071,1978,0.9962790697674418,25,1.0488126649076517,,1.9829931972789114,0.27040816326530615,0.8030303030303031,0.872008547008547,0.9264017859263305,0.933203302428728,1.0163263557088678,0.7473067173637514,0.791044776119403,1.3894291754756873,1.0616342286158091,,,,1.2316440049443758,60.86124401913863,,5.435897435897436,5.435897435897436,0.0,1.085423019159878,Michel Larocque,MTL
111,1138,1979,1.0102086107412338,30,1.4961725817675715,,2.2847100175746924,0.6151142355008787,2.252252252252252,1.1310285958173283,1.547463913392141,1.602873530580953,1.0519047071009322,0.6400737364944442,1.923076923076923,2.2818791946308727,1.5591048037614936,,,,0.9473137814689851,35.59182929053436,,2.127659574468085,2.127659574468085,0.7556675062972292,1.1040056697335356,Glenn Resch,NYI
112,1142,1979,1.0137594318686196,28,1.3569937369519833,,2.196836555360281,0.7029876977152899,0.9009009009009008,1.1523687580025608,1.345729751403368,1.3714577772729855,1.0346415007480723,0.734804649495622,0.9615384615384615,1.7897091722595082,1.38477969971887,,,,1.1160134959771606,16.52380083895677,,2.127659574468085,2.127659574468085,4.91183879093199,1.0811293714475385,Billy Smith*,NYI
113,1161,1980,0.978920741989882,25,1.0,,0.7908309455587392,1.3839541547277936,0.7288732394366197,0.9889483681574857,0.9226320915510104,0.913802221047065,1.0026101847079751,0.9710835960932094,0.0,0.8276990185387129,0.9332484684541332,,,,1.4637192704203015,-12.349935732647811,0.0,4.928571428571428,4.813953488372093,0.92,0.9712281963191703,Jim Corsi,EDM
114,1164,1980,0.9814502529510961,26,0.23076923076923078,,0.0988538681948424,0.1977077363896848,0.24295774647887325,0.19064064928337074,0.19880691502313125,0.19989423585404548,1.0175231508420755,0.9472044912712451,0.0,0.1755725190839694,0.1845910573633543,,,,0.0,0.0,0.0,0.0,0.0,0.92,0.832436218658281,Don Cutts,EDM
115,1167,1980,0.9839797639123102,38,0.5384615384615384,,0.1977077363896848,0.6919770773638968,0.7288732394366197,0.6314971507511655,0.49141709276844414,0.4727657324167107,0.9739314036808592,1.1382373298469584,0.0,0.3009814612868047,0.5084831728856711,,,,1.7646708961141953,-26.074550128534693,0.0,0.0,0.0,0.0,0.9827586067709979,Dave Dryden,EDM
116,1168,1980,0.984822934232715,27,0.038461538461538464,,0.0,0.0988538681948424,0.0,0.047660162320842685,0.04900170440710981,0.04918032786885246,1.0163759996009907,1.0745597169883874,0.0,0.02508178844056706,0.040486514440289605,,,,0.0,0.0,0.0,0.0,0.0,0.0,1.0954818303668856,Bob Dupuis,EDM
117,1190,1980,1.0033726812816188,29,1.0,,1.2851002865329513,0.8896848137535817,0.7288732394366197,1.048523571058539,1.1200389578767957,1.1295610787942887,1.0209646045653293,0.9498577251403523,0.0,0.9531079607415482,1.0121628610072402,,,,1.2858842188739097,13.303341902313619,0.0,4.928571428571428,4.813953488372093,0.0,1.0533521986193861,Ron Low,EDM
118,1196,1980,1.0084317032040473,26,1.3076923076923077,,0.8896848137535817,1.2851002865329513,1.2147887323943662,1.4298048696252805,1.2698441684928172,1.2485457429931253,0.9957272772614673,1.1196646927632083,1.1896551724137931,0.7273718647764447,1.1706778582226112,,,,1.545796986518636,-29.77731362467865,0.0,1.6428571428571428,1.6046511627906976,0.6133333333333334,0.9316423105167602,Eddie Mio,EDM
119,1235,1981,0.9836718438868977,33,0.584958217270195,,0.5185185185185186,0.3111111111111111,0.8484848484848485,0.48641819330385344,0.4477086470944902,0.44223685679205266,0.9965109772555215,0.8744880751626113,0.0,0.5353241077931536,0.5067067047160712,,,,1.5641656416564167,-5.730994152046785,,2.1538461538461537,2.1538461538461537,0.0,0.8898480664792315,Gary Edwards,EDM
120,1255,1981,0.9996017522899243,26,0.07799442896935933,,0.0,0.10370370370370371,0.0,0.08843967150979154,0.061611281710250945,0.05781895300814823,0.9469734373457095,1.1105757648759333,0.0,0.05098324836125273,0.0723866721022959,,,,0.0,0.0,,0.0,0.0,0.0,0.9534151908375752,Pete LoPresti,EDM
121,1257,1981,1.001194743130227,30,0.935933147632312,,0.5185185185185186,1.3481481481481483,0.6363636363636364,1.0281111813013266,0.8858333170340525,0.8657216207165979,0.9861426549488166,1.069621777884847,0.0,0.6117989803350328,0.8756003221604637,,,,1.6646166461664618,-21.07368421052632,,3.230769230769231,3.230769230769231,0.0,0.961060847271792,Ron Low,EDM
122,1264,1981,1.0067702110712864,27,1.6768802228412256,,1.6592592592592594,1.5555555555555556,1.909090909090909,1.713518635502211,1.595047626498719,1.5783011496818842,0.9988150488792337,0.9395326427366898,0.0,1.5804806991988347,1.661413329886349,,,,1.5354653546535466,-17.553216374269013,,5.384615384615384,5.384615384615384,1.4840989399293287,1.0178073860341437,Eddie Mio,EDM
123,1265,1981,1.0075667064914378,20,0.27298050139275765,,0.3111111111111111,0.3111111111111111,0.0,0.22109917877447885,0.23275373090539248,0.2344011608438442,1.016095586057075,0.9202601782702962,0.0,0.20393299344501092,0.21855206769347027,,,,0.0,0.0,,1.0769230769230769,1.0769230769230769,0.0,0.8224489464500213,Andy Moog,EDM
124,1304,1982,0.9852663392519834,19,1.7678571428571428,,2.670520231213873,0.476878612716763,3.121621621621622,1.56289592760181,1.9445626545517283,2.000131760985572,1.0270326471199833,0.8305516481009771,0.0,2.3725490196078436,1.8641066157836679,,,,1.2205270457697641,46.56680161943321,,5.739130434782609,5.739130434782609,1.3156146179401993,1.1051076324757976,Grant Fuhr*,EDM
125,1322,1982,0.9988666414809217,31,1.0680803571428572,,1.6213872832369942,0.6676300578034683,0.222972972972973,0.995475113122172,1.0058082695957216,1.0073127346992554,0.9995841131212312,0.9685587195376953,0.0,1.0544662309368193,1.0192898243940254,,,,1.5104022191400832,1.2631578947368423,,0.0,0.0,0.43853820598006643,1.0001739223390098,Ron Low,EDM
126,1331,1982,1.005666792595391,21,0.29464285714285715,,0.2861271676300578,0.476878612716763,0.0,0.318552036199095,0.25429869457703147,0.2449436721786679,0.9618423788729465,1.2094437896817856,0.0,0.16775599128540308,0.26105363584866287,,,,0.0,0.0,,0.9565217391304348,0.9565217391304348,0.43853820598006643,0.9285756099795792,Andy Moog,EDM
127,1373,1983,0.9877697841726619,20,1.1832229580573952,,1.2215988779803646,1.1276297335203365,1.3188976377952757,1.3547021943573667,1.2702723811383385,1.2582580573212891,1.0056089327447415,1.0284510762860102,0.0,0.9258181818181822,1.1978791914293097,,,,1.5818623124448368,-6.921238596942053,,0.0,0.0,1.1686046511627908,1.0817938140836107,Grant Fuhr*,EDM
128,1389,1983,0.9992805755395684,32,0.5176600441501104,,0.1879382889200561,0.7517531556802244,0.26377952755905515,0.5355799373040753,0.5193595626281363,0.5170514107282257,1.0114082922184713,1.0332345696640848,0.0,0.3654545454545456,0.47142771958418633,,,,1.522727272727273,-1.3257098805088015,,1.0,1.0,0.7790697674418605,0.9731122035614702,Ron Low,EDM
129,1396,1983,1.0043165467625899,27,0.369757174392936,,0.09396914446002805,0.5638148667601682,0.26377952755905515,0.42006269592476486,0.33097725275798107,0.3183004349280696,0.9766121353760928,1.2197908114089888,0.0,0.12181818181818187,0.31361928802846295,,,,0.0,0.0,,1.0,1.0,0.38953488372093026,0.9063215041772013,Lindsay Middlebrook,EDM
130,1400,1983,1.0071942446043165,22,1.84878587196468,,3.1009817671809254,0.7517531556802244,1.8464566929133859,1.7537617554858933,2.0015620423703995,2.0368239098918255,1.0334458582186443,0.8466783279191805,1.5227272727272727,2.1196363636363644,1.884379161614756,,,,1.3009708737864079,20.316073493511503,,4.0,4.0,3.116279069767442,1.089125204595108,Andy Moog,EDM
131,1442,1984,0.9886870071991772,21,1.717557251908397,,2.7851458885941645,0.9283819628647214,1.627906976744186,1.8409720086127346,1.9955152578726725,2.017953241185271,1.0429075202051734,0.9175942067855709,1.590909090909091,2.266278646780646,1.8066693561877023,,,,1.3518052057094876,19.577080491132335,,13.424657534246574,13.424657534246574,1.0169491525423728,1.1064340393683914,Grant Fuhr*,EDM
132,1471,1984,1.0085704490915324,23,1.450381679389313,,2.5066312997347477,0.7427055702917771,0.4069767441860465,1.4964626268840358,1.6065126255240325,1.6224906772659269,1.0417264244858018,0.8870859595011401,1.590909090909091,1.7824663514005084,1.5201369687785966,,,,1.366498740554156,13.942701227830835,,0.958904109589041,0.958904109589041,0.6779661016949152,1.1024478473207089,Andy Moog,EDM
133,1495,1985,0.9793645594497216,25,0.03638368246968027,,0.0,0.08967391304347826,0.0,0.020535158680771624,0.011582559862725217,0.010299625468164795,0.892899994783244,0.9570077386070508,0.0,0.0,0.02074370911662443,,,,0.0,0.0,,0.0,0.0,0.0,0.6046769702248128,Marco Baron,EDM
134,1512,1985,0.990501146413364,22,1.6736493936052923,,2.3315217391304346,0.717391304347826,2.2211538461538463,1.694150591163659,1.8377661648857344,1.858346709470305,1.0145547498565395,0.9982803095442822,1.6923076923076923,2.0842105263157884,1.657552006600271,,,,1.3487338960462016,16.907892327412554,,4.304347826086956,4.304347826086956,1.0588235294117647,1.0503805857464583,Grant Fuhr*,EDM
135,1536,1985,1.0062233868326236,24,1.4189636163175303,,1.9728260869565215,0.8070652173913043,0.951923076923077,1.1397013067828252,1.3551595039388504,1.3860353130016052,1.0271792999113154,0.8512467755803955,1.6923076923076923,1.7248638838475494,1.3075019152572336,,,,1.231452687694358,25.355795641823832,,0.0,0.0,1.4117647058823528,0.9772713608152148,Andy Moog,EDM
136,1540,1985,1.0088437602358336,19,0.03638368246968027,,0.0,0.08967391304347826,0.0,0.051337896701929064,0.04504328835504251,0.044141252006420544,0.9835672179039076,1.300085984522786,0.0,0.023956442831215966,0.03889445459367081,,,,0.0,0.0,,0.0,0.0,0.0,1.1337693191715241,Daryl Reaugh,EDM
137,1559,1985,1.021290533901081,22,0.1091510474090408,,0.08967391304347826,0.08967391304347826,0.31730769230769235,0.12321095208462975,0.12869510958583574,0.12948100588550027,1.0099640043820755,1.003439380911436,0.0,0.14373865698729577,0.119924568330485,,,,0.0,0.0,,0.0,0.0,0.0,1.165269210089173,Mike Zanier,EDM
138,1578,1986,0.9902729839974898,23,1.469475958941113,,2.5913272010512483,0.7148488830486203,0.0,1.4843535338116318,1.6917697686928455,1.7216324915935914,1.0268069222938578,0.9740486951450649,0.0,2.052363636363637,1.461465758279841,,,,1.2224719101123596,60.89825190497534,,2.9142857142857146,2.9142857142857146,0.0,1.0352814754330224,Grant Fuhr*,EDM
139,1603,1986,1.0059617194854096,25,1.7266342517558078,,2.412614980289093,0.8042049934296978,3.012658227848101,1.7023355212944589,1.9334511642203949,1.9667260060218457,1.025653206650831,0.9170433007727073,1.3599999999999999,2.324363636363637,1.7794667821840664,,,,1.2224719101123596,67.87808157776782,,1.942857142857143,1.942857142857143,1.0441458733205373,1.0728039080194909,Andy Moog,EDM
140,1644,1987,0.9909584086799277,24,1.502439024390244,,1.855421686746988,1.0963855421686746,1.0161290322580645,1.4280277961614825,1.4381101986438924,1.4394874228761272,1.016296486184608,0.8834896045658377,0.0,1.4453750910415146,1.4780185758513933,,,,1.3722772277227724,1.4201719730420639,,1.909090909090909,1.909090909090909,0.5264623955431754,1.0141634216305604,Grant Fuhr*,EDM
141,1664,1987,1.0030138637733574,26,1.5707317073170732,,2.36144578313253,0.927710843373494,1.0161290322580645,1.5009927200529452,1.5220417172058618,1.5249169435215946,1.016296486184608,0.9040358744394618,0.0,1.5600873998543334,1.5213622291021671,,,,1.3722772277227724,2.957471531489659,,1.909090909090909,1.909090909090909,0.7019498607242339,0.998516328839689,Andy Moog,EDM
142,1707,1988,0.9912891986062717,22,0.648077964266378,,1.0174966352624495,0.5935397039030955,0.0,0.6252847380410023,0.7168889062683298,0.7293999999999999,1.0266751638747271,0.856221347722017,1.0862068965517242,0.8680203045685277,0.6751370253226725,,,,1.1779497098646035,26.220670391061464,0.0,0.0,0.0,0.1875,1.0904647415125153,Steve Guenette,PIT
143,1723,1988,1.0005807200929153,37,0.9209528965890634,,0.6783310901749663,0.7631224764468371,1.6237113402061856,0.9738041002277904,0.8893364094943885,0.8777999999999999,0.995702840495266,1.047912694226946,0.0,0.7538071065989846,0.8601654126475846,,,,1.4758220502901354,-24.16759776536314,0.0,0.0,0.0,0.0,0.9776600086694032,Gilles Meloche,PIT
144,1729,1988,1.0040650406504066,23,0.7162966973470493,,0.7631224764468371,0.9327052489905787,0.0,0.8200455580865603,0.7390607281116802,0.728,0.9945557174071378,1.0197979634062233,1.0862068965517242,0.5939086294416244,0.74444531756478,,,,1.5029013539651837,-23.170391061452527,0.0,1.68,1.6578947368421053,0.1875,1.0879009975842626,Frank Pietrangelo,PIT
145,1737,1988,1.0087108013937283,28,0.750406063887385,,0.5935397039030955,0.6783310901749663,1.2989690721649483,0.7790432801822323,0.7144253705079576,0.7056,0.9968499635833943,0.9967950018256316,0.0,0.5939086294416244,0.7234053002769975,,,,1.4758220502901354,-18.477653631284923,0.0,0.0,0.0,1.125,1.009089610160203,Pat Riggin,PIT
146,1781,1989,0.9963636363636363,26,1.7595687331536387,,2.288021534320323,1.7388963660834456,0.7010309278350515,2.1215469613259668,2.006680026720107,1.9908814589665653,1.0101705310141567,1.122858579218067,0.0,1.8130021913805694,1.8035238740996236,,,,1.5578128376918088,-14.212765957446809,,0.7640449438202247,0.7391304347826086,3.1575456053067996,1.1184999657742822,Glenn Healy,LAK
147,1783,1989,0.9974825174825175,28,2.419407008086253,,2.562584118438762,2.562584118438762,1.7525773195876289,2.541436464088398,2.593186372745491,2.6003039513677813,1.0217550554523924,0.9624502107583432,1.5454545454545454,2.6822498173849523,2.5218596149877657,,,,1.4402420574886534,6.9787234042553195,,2.292134831460674,2.217391304347826,2.142620232172471,1.1374569180121468,Kelly Hrudey,LAK
148,1784,1989,0.998041958041958,31,0.036657681940700806,,0.0,0.0,0.0,0.022099447513812154,0.029392117568470273,0.030395136778115502,1.053033271435629,1.0544877992188404,0.0,0.049671292914536154,0.020046578815483034,,,,0.0,0.0,,0.0,0.0,0.0,0.5967561040251199,Bob Janecyk,LAK
149,1791,1989,1.001958041958042,28,0.14663072776280323,,0.09152086137281293,0.09152086137281293,0.0,0.20994475138121546,0.14562458249833,0.13677811550151975,0.9568817185982722,1.6882323369039791,0.0,0.024835646457268077,0.11894303430519934,,,,0.0,0.0,,0.0,0.0,0.45107794361525705,0.8851882209705945,Roland Melanson,LAK
150,1835,1990,0.9884190681389712,24,0.03791982665222102,,0.0,0.0945945945945946,0.0,0.05790866975512905,0.040037868328665537,0.03761923955394331,0.9590469099032017,1.2016446804865517,0.0,0.025575447570332477,0.04126912381719743,,,,0.0,0.0,,0.0,0.0,0.0,1.1345218800648296,Randy Exelby,EDM
151,1839,1990,0.9905736601131161,27,0.7963163596966414,,0.8513513513513514,0.6621621621621622,1.05,0.8107213765718068,0.734487791408623,0.7241703614134086,1.0053776784975594,0.9330135343498376,1.7073170731707317,0.588235294117647,0.7435320474398404,,,,1.5422786820166732,-6.842105263157897,,0.0,0.0,0.31746031746031744,0.9733441383036195,Grant Fuhr*,EDM
152,1842,1990,0.9921896040937247,21,0.07583965330444203,,0.0,0.0,0.0,0.04632693580410324,0.02347047453749359,0.02037708809171929,0.8860759493670887,2.8182285420592783,0.0,-0.025575447570332477,0.013756374605732478,,,,0.0,0.0,,1.09375,0.0,0.0,0.18908698001080493,Mike Greenlay,EDM
153,1869,1990,1.0067330999192028,23,2.123510292524377,,2.27027027027027,1.5135135135135136,3.15,1.9109861019192589,2.0129383456273917,2.0267365309686953,1.0273847935798792,0.7651190680143912,1.7073170731707317,2.199488491048593,2.1370527950005402,,,,1.3199682413656213,9.008097165991908,,2.1875,2.2222222222222223,2.857142857142857,1.049092382495948,Bill Ranford,EDM
154,1870,1990,1.007271747912739,25,0.4171180931744312,,0.47297297297297297,0.3783783783783784,0.7,0.35903375248180014,0.3879531379432764,0.3918670786869094,1.0308596012244562,0.738735651875964,0.0,0.4347826086956521,0.4154425130931208,,,,0.0,0.0,,0.0,0.0,0.0,1.0382576985413288,Pokey Reddick,EDM
155,1925,1991,0.9974093264248705,23,0.32696390658174096,,0.21153846153846154,0.3173076923076923,1.03125,0.3379564606741573,0.35130970724191063,0.35302753122388597,1.0196551057150085,0.8093252463987869,0.0,0.36453022578295696,0.371787196875276,,,,0.0,0.0,,1.1323529411764706,1.1323529411764706,0.0,1.2496414422321547,Pat Jablonski,STL
156,1926,1991,0.9979274611398964,23,1.2261146496815287,,1.6923076923076923,1.0576923076923077,0.6875,1.203125,1.3466872110939907,1.3651557241908892,1.028820544867503,0.8278999241849886,0.0,1.5983248361252729,1.292187208651874,,,,1.4409167367535745,13.86940298507462,,1.1323529411764706,1.1323529411764706,0.0,1.158204263532241,Curtis Joseph,STL
157,1952,1991,1.01139896373057,24,1.7983014861995754,,3.067307692307692,0.9519230769230769,2.0625,1.811446629213483,1.9121725731895223,1.9251304288908462,1.021946465503132,0.7987111448066716,4.529411764705882,2.0750182083029856,2.018381306613541,,,,1.5380571909167366,9.729477611940295,,2.264705882352941,2.264705882352941,0.0,1.2334875406618364,Vincent Riendeau,STL
158,2023,1992,1.0089775561097256,25,1.5459710743801653,,2.200524246395806,1.1480996068152032,0.6239316239316239,1.4502504173622706,1.6424557014022443,1.666659659007295,1.0220022685954906,0.8828355887385284,3.4761904761904763,1.9819004524886876,1.5717457908199117,,,,1.315854158131913,47.06500408830749,,0.0,0.0,0.9260042283298098,1.068804479203047,Mike Richter,NYR
159,2033,1992,1.0139650872817956,28,1.696797520661157,,2.583224115334207,1.2437745740498034,0.9358974358974359,1.4624373956594323,1.814197957316504,1.858494334307398,1.0322109483039916,0.8090293980401305,2.317460317460317,2.413853115210581,1.7276892374286759,,,,1.2111839410077836,86.13164349959125,,2.7037037037037037,2.7037037037037037,3.5496828752642706,1.0704062843423547,John Vanbiesbrouck,NYR
160,2043,1993,0.9833935018050541,27,2.0655737704918034,,3.4096916299559474,1.1101321585903083,1.8,1.8670012547051442,2.177547451345324,2.2179352358849767,1.0462044607866852,0.7909489051094891,4.235294117647059,2.7145028884159323,2.1870276923076926,,,,1.151143335192415,48.34374999999999,,6.32967032967033,6.32967032967033,3.5050709939148073,1.138253404175811,Tom Barrasso,PIT
161,2112,1993,1.0166064981949459,28,0.819672131147541,,1.0308370044052864,0.5550660792951542,0.72,0.7829360100376411,0.7993967301490525,0.8015375131450121,1.0299482316512651,0.8986861313868615,0.0,0.8318637883855277,0.8081723076923077,,,,1.3117679866146124,2.5624999999999996,,0.7912087912087913,0.7912087912087913,0.8762677484787018,1.0599575623106832,Ken Wregget,PIT
162,2133,1994,0.9904806129556536,29,2.2866611433305715,,1.9327731092436975,3.1092436974789917,2.2857142857142856,2.7140176122419515,2.485420422012512,2.458622440345236,1.0268012530455966,0.6310254163014903,1.6161616161616161,2.0910623946037106,2.3656336410752328,,,,1.6412572934312066,-19.78258153192553,,2.5806451612903225,2.5806451612903225,0.916030534351145,1.1347646838625107,Bob Essensa,DET
163,2146,1994,0.9965172974228,24,0.09942004971002485,,0.08403361344537814,0.1680672268907563,0.0,0.17323516673884798,0.12360452610691186,0.11778642748349974,0.9896739760993151,0.9255039439088525,0.0,0.04496908375491851,0.10274852298998201,,,,0.0,0.0,,0.0,0.0,0.0,1.1336044132293857,Peter Ing,DET
164,2162,1994,1.0039470629208265,21,1.3587406793703396,,1.9327731092436975,0.6722689075630252,1.4285714285714286,1.2126461671719357,1.2105972704000485,1.2103570824166525,1.0384035270913095,0.5013146362839617,1.6161616161616161,1.2141652613827998,1.3333131865641195,,,,1.5057406361754189,-0.1799325253030114,,0.0,0.0,0.3053435114503817,1.0763510588844847,Chris Osgood,DET
165,2172,1994,1.0085906663570932,27,0.8616404308202154,,0.7563025210084033,0.8403361344537815,0.2857142857142857,0.8430778114623935,0.6616477573958223,0.6403790827551193,1.004756932358742,0.5801928133216481,0.8080808080808081,0.3597526700393481,0.7984164639398014,,,,1.912290607942782,-15.704110958390608,,1.2903225806451613,1.2903225806451613,0.0,1.0163970746176545,Vincent Riendeau,DET
166,2218,1995,0.9957351290684624,30,1.527536231884058,,2.105646630236794,1.1147540983606556,1.8133333333333332,1.6480308454971082,1.4913750616067027,1.4740810556079171,0.991513483403781,0.9767695279607703,1.1333333333333333,1.2094861660079053,1.6432867855534063,,,,1.5053849222177902,-25.503813369223877,,0.0,0.0,4.580310880829015,1.1379776400681243,Ron Hextall,PHI
167,2240,1995,1.005611672278339,24,0.9362318840579711,,1.3624772313296902,0.8670309653916211,0.0,0.7865601762599834,0.9048792508624938,0.9179410781064729,1.0182509256528718,0.7881519639407595,1.1333333333333333,1.108695652173913,0.9684941307400832,,,,1.1798962903869166,19.2803947958726,,0.0,0.0,2.1139896373056994,1.0942680347629021,Dominic Roussel,PHI
168,2264,1996,0.9841338839382743,30,1.6263829787234043,,2.4348762109795477,1.3433799784714746,0.5693430656934306,1.9094247246022031,1.9710928757926147,1.9780653196789373,1.014315989792829,1.0784859112347323,1.6082474226804124,2.0703981534910545,1.6901257983355913,,,,1.4294351029661816,5.380386924616411,0.0,4.5,4.415094339622641,3.038961038961039,1.1418784300438913,Tom Barrasso,PIT
169,2339,1996,1.016735492284286,31,1.2280851063829787,,1.6792249730893434,1.0914962325080733,0.5693430656934306,1.3723990208078336,1.4607422603506155,1.4707306947135346,1.0176895462999005,1.0187447091546742,2.4123711340206184,1.6203115983843037,1.2873698471066382,,,,1.3852257698847534,7.701134089392929,0.0,3.0,2.943396226415094,1.3506493506493507,1.1518735145126064,Ken Wregget,PIT
170,2367,1997,0.9953742640874684,32,2.2075310226786478,,3.09002169197397,1.6702819956616053,2.673611111111111,1.9514659599138644,2.645492708793637,2.7185793779545415,1.0608574560753756,0.7068505338078291,3.08,3.841067285382831,2.4055423999009458,,,,1.1057636328352416,61.966720899275316,,4.62,4.62,5.110619469026549,1.181618880401137,Dominik Hasek*,BUF
171,2397,1997,1.0079899074852818,24,0.4283269148480958,,0.25054229934924077,0.6681127982646421,0.5347222222222222,0.497432499585887,0.543194874060981,0.5480140248050657,1.0414654380610946,0.9217081850533807,0.0,0.6252900232018562,0.4701444026558945,,,,1.3747331651465167,4.088596361484992,,0.0,0.0,0.6814159292035399,1.190208336198523,Steve Shields,BUF
172,2407,1997,1.0121951219512195,27,0.09884467265725289,,0.0,0.16702819956616052,0.0,0.12754679476561204,0.11908970393283252,0.11819910338932789,1.0243548339308466,1.1770462633451955,0.0,0.11165893271461719,0.09474392905232855,,,,0.0,0.0,,0.0,0.0,0.0,1.0393633727430587,Andrei Trefilov,BUF
173,2439,1998,0.9942927028128822,33,2.250963597430407,,2.6736958934517205,1.863485016648169,2.8757575757575755,1.9693521747109561,2.699377107853259,2.7749064879336207,1.0308641040015754,0.7959620200333887,6.12258064516129,3.9470930232558126,2.3822817504813902,,,,1.0846733156930592,111.89226441631509,,3.106382978723404,3.106382978723404,1.9863945578231292,1.1462620326485935,Dominik Hasek*,BUF
174,2470,1998,1.0069302894415002,25,0.5002141327623126,,0.24306326304106549,0.48612652608213097,0.8848484848484848,0.49568728207010465,0.5124922568655792,0.5142309225890975,1.0054243246109786,1.0777858931552584,0.0,0.5517441860465114,0.4431495673288842,,,,1.4412782414003662,2.5668073136427574,,0.0,0.0,2.8140589569161,0.959511147153355,Steve Shields,BUF
175,2490,1999,0.9834123222748815,21,0.60108153078203,,0.3597883597883598,0.2698412698412698,1.5740740740740742,0.4193832599118943,0.41986221240088395,0.4199108629114536,1.0074402819475268,0.7984597808149626,1.0828025477707006,0.42642140468227446,0.47901602683563177,,,,0.0,0.0,0.0,0.0,0.0,0.0,0.8491977963296575,Jean-Sebastien Aubin,PIT
176,2492,1999,0.9842022116903634,33,1.5203826955074875,,1.708994708994709,1.4391534391534393,0.7870370370370371,1.46784140969163,1.3714578187963085,1.3616674721222861,0.999673671844407,0.9171497482334028,2.1656050955414012,1.208193979933111,1.4611256056653,,,,1.5905911157747465,-11.13054087027247,0.0,5.0,4.903846153846153,4.533333333333333,1.0240556637261782,Tom Barrasso,PIT
177,2557,1999,1.0098736176935228,25,1.3082362728785357,,1.3492063492063493,0.9894179894179894,1.3117283950617284,1.3330396475770925,1.1352853243208112,1.1151980525873024,0.9896880302832533,1.03943638133119,1.6242038216560508,0.8054626532887407,1.2127469250838614,,,,1.7392444910807976,-22.8141520943473,0.0,0.0,0.0,0.4533333333333333,0.9878123272274781,Peter Skudra,PIT
178,2622,2000,1.0022935779816513,28,0.6310524209683873,,0.7455089820359282,0.41417165668662675,0.5684931506849316,0.44725669497060744,0.4418684526876181,0.441298831328005,1.007568628505363,0.6829268292682927,1.3070866141732285,0.42542286007175817,0.6019896921296463,,,,1.4317677198975234,-0.5846099665434055,0.0,0.0,0.0,0.49258160237388726,1.0102804053210013,Jamie McLennan,STL
179,2651,2000,1.0133792048929664,29,2.2252901160464185,,3.479041916167665,1.2425149700598803,2.558219178082192,1.7483670803396472,1.9048288136387055,1.9213692623729048,1.0176108407496027,0.6794425087108015,4.574803149606299,2.1696565863659667,2.3626156400727445,,,,1.3041844577284372,16.865997534777247,0.0,1.7291666666666667,1.693877551020408,0.9851632047477745,1.1244066109799917,Roman Turek,STL
180,2658,2001,0.9837157660991858,22,0.8686186186186187,,0.9907235621521335,0.5779220779220778,0.8782894736842105,0.703985397018558,0.7045822419729832,0.7046461618662844,1.023509634365329,0.7733726433392816,1.4432432432432432,0.7043165467625897,0.8321218344978488,,,,1.4868025392582693,0.04392350400987044,0.0,1.7450980392156865,1.7115384615384617,0.0,1.0352922095686228,David Aebischer,COL
181,2727,2001,1.0092524056254626,35,2.0713213213213213,,3.302411873840445,1.0732838589981446,2.049342105263158,1.7870398539701857,1.9814738514965125,2.0022970155089275,1.034844181811235,0.7664675304523236,1.9243243243243244,2.3050359712230213,2.141533938747156,,,,1.3381222853324424,15.768537939543485,0.0,8.725490196078432,8.557692307692308,2.9276315789473686,1.1173395567853086,Patrick Roy*,COL
182,2777,2002,0.9949838767466858,31,0.06699284907790741,,0.0,0.08233117483811285,0.0,0.09982374619452011,0.07893103142460164,0.07680784198785273,0.9758481100680472,1.5087402580247462,0.0,0.04271658267338613,0.06512311699471013,,,,0.0,0.0,0.0,0.0,0.0,0.0,1.0657244729272368,Stephane Fiset,MTL
183,2779,2002,0.9957004657828735,24,0.16748212269476853,,0.08233117483811285,0.3293246993524514,0.0,0.2709501682422689,0.19338102699027404,0.1854981844234934,0.9625863010977,1.712518163004712,0.0,0.06407487401007919,0.15593700491393894,,,,0.0,0.0,0.0,0.0,0.0,0.0,1.020748944711959,Mathieu Garon,MTL
184,2783,2002,0.997133643855249,33,0.5024463680843055,,0.41165587419056426,0.41165587419056426,0.5973154362416107,0.5419003364845378,0.5196292902119609,0.5173660299936496,0.9990562757661547,1.2461802650697904,0.0,0.49124070074394044,0.4283786686716254,,,,1.6184647665675818,-3.2116585704371956,0.0,0.0,0.0,0.3973214285714286,0.9347088037783838,Jeff Hackett,MTL
185,2806,2002,1.0053744177714081,18,0.033496424538953705,,0.0,0.0,0.0,0.0,0.018417240665740384,0.020288863921319587,1.1051507475289322,0.0,0.0,0.04271658267338613,0.010754276200961307,,,,0.0,0.0,0.0,0.0,0.0,0.0,0.3519823947282617,Olivier Michaud,MTL
186,2825,2002,1.0121820136151918,25,2.2442604441098983,,2.4699352451433856,1.9759481961147085,2.9865771812080535,1.9394327832078195,2.5941998994885744,2.6607395828244833,1.0288953459494359,0.8268680375148608,3.480446927374302,3.716342692584593,2.3085846244730273,,,,1.1671620912746983,94.51746472357156,0.0,3.068965517241379,3.0169491525423733,0.3973214285714286,1.1277515927093504,Jose Theodore,MTL
187,2836,2003,0.984380423464075,24,0.7597722960151803,,0.5936626281453867,1.0177073625349486,0.0,0.7171000788022064,0.7753193201247109,0.7811590995320603,1.016078111096212,0.9000000000000001,0.5229885057471264,0.8803680981595091,0.7527663165791448,,,,1.3715596330275228,11.389025893958076,,0.0,0.0,0.9454545454545454,1.0601367492348919,David Aebischer,COL
188,2908,2003,1.009371745921555,37,2.1757115749525617,,2.968313140726934,1.2721342031686858,3.767515923566879,1.9648542159180455,2.252740621542794,2.2816175540660177,1.0205151334154097,0.8074074074074076,2.6149425287356323,2.7484662576687118,2.297308702175544,,,,1.2970183486238531,56.29993834771887,,0.0,0.0,4.7272727272727275,1.1298040655368642,Patrick Roy*,COL
189,2962,2004,0.9961325037834202,28,1.0365019011406844,,1.5962264150943397,0.7981132075471699,0.27647058823529413,0.8895415239027573,0.9069324770055651,0.9086326804057934,1.0077381022274923,0.8072706049109932,0.49214659685863876,0.9364326375711579,1.0630078985978146,,,,1.5440831377807576,1.8753531073446326,0.0,0.0,0.0,0.7966101694915255,1.0718364127848738,John Grahame,TBL
190,2971,2004,0.9991592399529174,31,1.9657794676806084,,2.483018867924528,1.6849056603773584,1.9352941176470588,1.9477891988905203,1.931329100129321,1.929719900465769,1.0044268050679277,0.9130779172051525,1.4764397905759163,1.8951612903225814,2.0617819075884154,,,,1.5913509889373114,-1.7757768361581923,0.0,3.7600000000000002,3.686274509803922,2.3898305084745766,1.096143181126758,Nikolai Khabibulin,TBL
191,3139,2007,0.9954019343586491,22,2.0953090096798213,,2.731707317073171,1.41622760800843,2.690391459074733,2.2474916387959865,2.261636398710282,2.2631170373076395,1.0122635737277534,0.8704503844745517,2.8378378378378377,2.2928039702233245,2.2018607273752466,,,,1.2883036405886907,4.88176352705411,,4.2,4.2,0.9438202247191011,1.1536974782391074,Marc-Andre Fleury,PIT
192,3186,2007,1.0103060091961313,32,0.6880119136262101,,0.4780487804878049,0.708113804004215,0.597864768683274,0.6351606805293005,0.6620552815057734,0.6648705420338828,1.015615439865925,0.8704503844745517,0.5675675675675675,0.7011053462666365,0.6208063151959402,,,,1.2492641363284274,9.258517034068142,,0.0,0.0,0.0,0.9906113221205843,Jocelyn Thibault,PIT
193,3233,2008,0.9978395061728395,32,1.734632683658171,1.84887983706721,2.3154471544715447,1.3006263048016702,1.9632352941176472,1.621680049413218,1.8464678487262935,1.868928593470345,1.0185599840772255,0.8537876281839233,2.2111801242236027,2.2401360544217686,1.8227683999113338,2.1028963414634148,1.381148064013885,1.247663551401869,1.3832567997174143,30.09590739975198,,2.4722222222222223,2.4722222222222223,0.0,1.162452653329258,Cristobal Huet,WSH
194,3234,2008,0.9981481481481481,30,0.6338080959520239,0.6162932790224033,0.5065040650406504,0.7432150313152401,0.6544117647058824,0.6321803582458307,0.6242284816518909,0.6234339319879035,1.0052744190675225,0.9825917962289118,0.0,0.6054421768707483,0.6169553915081982,0.5426829268292682,1.0699354245897037,0.6238317757009345,1.5876015542211233,-1.0669698222405959,,0.0,0.0,0.0,1.0768274634302377,Brent Johnson,WSH
195,3239,2008,0.9996913580246913,37,1.8013493253373312,1.8851323828920572,1.8089430894308944,1.9509394572025054,1.9632352941176472,2.102686843730698,1.7765542587812817,1.7439671665740912,0.9875603323879187,1.070914654316904,0.5527950310559007,1.2108843537414966,1.8855400240473423,1.5602134146341462,1.0040582965364098,2.2873831775700935,1.8548216178028964,-43.65378255477473,,2.4722222222222223,2.4722222222222223,3.0427350427350426,1.1579324997527412,Olaf Kolzig,WSH
196,3319,2009,0.9969960949234005,31,0.7052830188679245,0.6893599673868732,0.8682926829268293,0.5632911392405063,0.6312056737588652,0.6958253429709397,0.6956128509719223,0.6955914473781964,1.0049868799044903,0.9886934176714766,0.0,0.7045917213300159,0.6761264407963674,0.7344336084021006,1.2385770940992666,0.4178403755868545,1.4462138446538835,-0.02514124293785311,,1.7799999999999998,1.7799999999999998,1.5682819383259914,1.0338134587383534,Brent Johnson,WSH
197,3343,2009,1.0042054671072393,20,0.1679245283018868,0.10884631064003261,0.14471544715447154,0.09388185654008438,0.0,0.1444165806166101,0.12254319654427646,0.12033996523082865,0.9872778599942792,1.0555445740264875,0.0,0.08052476815200182,0.131518847900266,0.06676669167291824,0.7123422665545005,0.20892018779342725,0.0,0.0,,0.0,0.0,0.0,0.8446031562190162,Michal Neuvirth,WSH
198,3364,2009,1.0105136677680986,32,1.9143396226415095,1.9955156950672646,2.3154471544715447,1.5959915611814346,1.5780141843971631,2.061218468800708,1.8886069114470843,1.8712203384793686,0.9961323699493848,1.0098043091520064,1.141025641025641,1.590364171002036,1.9650111502189742,1.735933983495874,1.0118255017425788,2.507042253521127,1.5763730906727331,-16.53036723163842,,5.34,5.34,2.352422907488987,1.1069484138564092,Jose Theodore,WSH
199,3370,2009,1.0123160108140583,20,0.20150943396226417,0.18141051773338768,0.2894308943089431,0.0,0.3156028368794326,0.17067414072872103,0.1910232181425486,0.19307291124946135,1.0160550173483724,0.8338802134809251,0.0,0.22144311241800502,0.1966804589053978,0.26706676669167295,1.7113327725033047,0.20892018779342725,0.0,0.0,,0.0,0.0,0.7841409691629957,1.0525482923853935,Semyon Varlamov,WSH
200,3424,2010,1.0026354319180089,30,2.123401053423627,2.275368248772504,2.6991869918699187,1.9655543595263723,1.1029900332225915,2.100469768146689,2.1371905715937665,2.140766098093608,1.0118842553646064,0.8865383816133989,2.141935483870968,2.193505039193729,2.1702657027509153,2.554804804804805,1.2185678301547325,2.0493827160493825,1.3068766066838047,18.964006259780895,,0.0,0.0,0.0,1.0918837637648293,Roberto Luongo,VAN
201,3441,2010,1.0076134699853587,29,0.6557562076749436,0.47545008183306053,0.6073170731707317,0.44671689989235736,0.27574750830564787,0.4905288680103046,0.48881956676661603,0.4886531310865844,1.0096676414426684,0.8347948963052239,0.535483870967742,0.4833146696528555,0.5382526120954437,0.4984984984984985,1.1369317500299874,0.40987654320987654,1.333547557840617,-0.9092331768388102,,0.0,0.0,1.8241758241758241,0.8768890361338529,Andrew Raycroft,VAN
202,3445,2010,1.0087847730600292,23,0.06245297215951844,0.033960720130932896,0.0,0.08934337997847147,0.0,0.06288831641157751,0.06584555808043457,0.066133506462846,1.0141008692865443,1.314284526827646,0.0,0.07435610302351624,0.043973067585873896,0.06231231231231231,1.991123905481589,0.0,0.0,0.0,,0.0,0.0,0.0,0.7521959026947358,Cory Schneider,VAN
203,3479,2011,0.994,30,1.440722619495672,1.3106677524429968,1.4853658536585366,0.932475884244373,2.0505050505050506,1.487294008932697,1.2711550588330003,1.2505291005291006,0.9955273519629951,0.9547183265985262,0.9720670391061452,0.9011483900022514,1.405966242743532,1.0380313199105144,0.9437525110486141,2.289473684210526,1.5830482115085536,-63.786818181818035,,1.5263157894736843,1.5263157894736843,0.0,1.0593048422450302,Dan Ellis,ANA
204,3480,2011,0.9942857142857143,28,0.32743695897628905,0.31881107491856675,0.4951219512195122,0.1864951768488746,0.0,0.2679809025103958,0.31749694766076775,0.32222222222222224,1.026568293895026,0.7858331352507724,0.0,0.4113938302184192,0.3077010838562464,0.3243847874720358,1.2146444355162718,0.0,0.0,0.0,,0.0,0.0,0.0,1.0200698957792882,Ray Emery,ANA
205,3489,2011,0.9968571428571429,28,1.6044410989838163,1.6294788273615635,1.8390243902439025,1.4919614147909968,0.8787878787878788,1.5274911443092563,1.7427314075644347,1.7632716049382715,1.024351083757024,0.8823389588780602,2.430167597765363,2.115739698266156,1.560108721183853,1.686800894854586,1.2343059461631178,1.144736842105263,1.1906687402799379,63.50999999999985,,1.5263157894736843,1.5263157894736843,0.0,1.0555110339039917,Jonas Hiller,ANA
206,3526,2011,1.0074285714285713,21,0.032743695897628905,0.0,0.0,0.0,0.0,0.06699522562759895,0.014007218279151518,0.008950617283950617,0.646316755227646,2.584977418588067,0.0,-0.07836072956541318,0.02335492097580618,0.0,0.0,0.0,0.0,0.0,,0.0,0.0,0.0,0.7742466002119833,Timo Pielmeier,ANA
207,3568,2012,0.9944258639910813,27,2.2493398717465105,2.3173311635475997,3.0390243902439025,1.6268817204301076,1.1866666666666668,2.1590296495956873,2.1571320858180822,2.1569524895705157,1.0151922139903293,0.9251640752323482,1.5170454545454546,2.148691335740073,2.3251279093938804,2.4036009002250562,1.18827072661734,1.6569148936170215,1.5105227427019687,-0.2775245862317101,0.0,2.7384615384615385,2.696969696969697,2.918032786885246,1.1225293399187954,Marc-Andre Fleury,PIT
208,3583,2012,0.9986064659977704,34,0.5371557902678235,0.5069161920260374,0.43414634146341463,0.6698924731182796,0.5933333333333334,0.5926748057713652,0.438014942765097,0.42337705213241694,0.9818343099161675,1.219178082191781,0.0,0.18073104693140804,0.4840037819605844,0.26706676669167295,0.6036330867008158,1.1835106382978724,2.0392057026476578,-23.39745742384264,0.0,1.3692307692307693,1.3484848484848484,0.0,0.9784994958091096,Brent Johnson,PIT
209,3625,2012,1.0103121516164995,25,0.16786118445869483,0.14483319772172498,0.21707317073170732,0.0956989247311828,0.0,0.2257808783890915,0.13787099869764893,0.1295507068039257,0.9540360565210324,1.4583094745187863,0.0,-0.020081227436823116,0.15397407613542638,0.13353338334583648,1.0553025991273002,0.2367021276595745,0.0,0.0,0.0,0.0,0.0,1.459016393442623,0.9961050738587052,Brad Thiessen,PIT
210,3662,2013,0.99686947053219,21,0.1047923322683706,0.05694444444444444,0.0,0.14695340501792115,0.0,0.11129207383279044,0.11566691371602075,0.1160894528484912,1.0081425346662365,1.3508375248027313,0.0,0.12757681835861534,0.0790080407428224,0.0,0.0,0.0,0.0,0.0,0.0,0.0,0.0,0.0,0.8001005468979959,Philipp Grubauer,WSH
211,3669,2013,0.9987750102082482,23,1.8862619808306709,1.9930555555555554,2.619444444444444,1.7634408602150538,0.5061728395061729,2.003257328990228,2.201592272933751,2.220748236897989,1.0136515102655055,0.9762355221263438,3.1538461538461537,2.551536367172307,1.9648547275209047,2.1052631578947367,1.2484202106385813,1.6734693877551021,1.2894418524278555,28.165767154973015,0.0,4.555555555555555,4.4324324324324325,2.7333333333333334,1.1054341556046883,Braden Holtby,WSH
212,3694,2013,1.0055805090513135,24,0.681150159744409,0.6833333333333332,0.45555555555555555,0.7347670250896058,1.0123456790123457,0.7345276872964169,0.7194874124369427,0.7180347639147419,1.0026335590669675,1.0367772599326286,0.0,0.7016725009723844,0.6800334935364356,0.7368421052631579,1.2746567124383412,0.6693877551020408,1.4453084499740798,-2.1495759444872786,0.0,0.0,0.0,0.0,1.0594664741840962,Michal Neuvirth,WSH
213,3740,2014,0.9938878554344938,29,2.3452965621458257,2.525630593978845,3.075609756097561,1.8916576381365113,1.5798045602605864,2.2916994802331074,2.3353826527150088,2.339501589093177,1.0142385354649233,0.7951644702708314,3.03125,2.4173776380781327,2.46812051264846,2.3923766816143495,1.104925053533191,2.89159891598916,1.3754883519027636,8.171428571428574,0.0,0.0,0.0,2.229885057471264,1.121270017662112,Marc-Andre Fleury,PIT
214,3811,2014,1.0127557799627955,26,0.7329051756705705,0.71033360455655,0.9463414634146342,0.6305525460455038,0.6319218241042346,0.7791778232792566,0.7661740157159725,0.7649478718032494,1.0109131632174972,0.8756874546020547,0.6062500000000001,0.7404580152671757,0.7621754009259881,0.6524663677130045,1.0706638115631695,0.7886178861788619,1.4316307336130807,-2.4285714285714293,0.0,1.5396825396825395,1.515625,0.0,1.1080229457234878,Jeff Zatkoff,PIT
215,3882,2015,1.006351263771873,27,2.2973893303064696,2.469296461976413,3.2910569105691057,1.593073593073593,1.803921568627451,1.9114591657343776,2.4510074072053145,2.5013571961222967,1.031905941189199,0.7184349974102554,4.928571428571429,3.3841961852861013,2.4581214266999,2.730593607305936,1.2202522554872302,1.5726495726495726,1.1704452780949273,53.35651074589129,,1.9166666666666667,1.9166666666666667,2.875,1.1338794103546286,Carey Price,MTL
216,3898,2015,1.0104990278677901,25,0.5917517972001514,0.5986173241154941,0.44878048780487806,0.5974025974025975,1.2026143790849673,0.6763624740290874,0.638793021130315,0.6352870991797166,1.0064677454256925,1.0080082871827565,0.0,0.5640326975476836,0.6211747633475986,0.5601217656012176,1.0323623142869967,0.2621082621082621,1.5906051215136192,-3.7218710493046787,,1.9166666666666667,1.9166666666666667,0.0,1.1124279428680828,Dustin Tokarski,MTL
217,3919,2016,0.9922775034814534,31,2.018154311649017,2.1691056910569104,2.6178861788617884,1.7340314136125654,1.6727272727272726,1.9448120058092628,2.171576170586942,2.192680252902218,1.024797772178756,0.8797966347899772,4.2368421052631575,2.5656518707878226,2.0636407819418943,2.781557067271353,1.5226307836223647,2.4,1.2092887395939826,43.332510795805035,,1.7692307692307694,1.7692307692307694,1.6140350877192984,1.0879103278660098,Corey Crawford,CHI
218,3921,2016,0.9927838966957843,27,1.0090771558245084,0.8975609756097561,0.8975609756097561,0.7706806282722514,1.3381818181818181,0.9946748426658061,0.990987030116509,0.9906438193641401,1.0148159756964954,0.957753298632127,0.6052631578947368,0.9834998838019986,0.9687871260395291,0.9040060468631897,1.1960375140917707,1.3333333333333333,1.3436541551044252,-0.7094386181369521,,0.0,0.0,0.0,1.0214504436300467,Scott Darling,CHI
219,3954,2016,1.0011393847322445,34,0.03479576399394856,0.0,0.0,0.0,0.0,0.01484589317411651,0.021488239173444713,0.022106417168516378,1.043652276645248,0.5642577573336562,0.0,0.04276086451313038,0.024219678150988227,0.0,0.0,0.0,0.0,0.0,,0.0,0.0,0.0,0.7405529957721604,Michael Leighton,CHI
220,4007,2017,0.991095720999258,23,0.2860368837034249,0.15453436356242375,0.3089430894308943,0.10095642933049946,0.0,0.16307740324594258,0.19629689652378252,0.19944409947071173,1.0332622301399401,0.7380441147764987,0.0,0.2603928734582001,0.21276595744680848,0.1445966514459665,1.1344096293465802,0.0,0.0,0.0,,0.0,0.0,0.0,0.8109515171324178,Laurent Brossoit,EDM
221,4029,2017,0.9965372248330447,32,0.2502822732404968,0.19316795445302967,0.07723577235772358,0.3028692879914984,0.328719723183391,0.2520287141073658,0.17833508899873052,0.17135338123540023,0.9775907737746418,1.1497169627171588,0.0,0.04339881224303336,0.2108433734939759,0.1445966514459665,0.9075277034772643,0.7938718662952646,0.0,0.0,,0.0,0.0,0.0,0.9184270194029792,Jonas Gustavsson,EDM
222,4084,2017,1.0101409844175118,29,2.610086563793752,2.820252135014233,3.24390243902439,2.221041445270988,2.629757785467128,2.535112359550562,2.7160818950382195,2.73322688429581,1.0232413679941865,0.8863946906109709,4.208860759493671,3.037916857012335,2.7518584978210714,3.10882800608828,1.3363345433702716,2.6462395543175488,1.4712739383846796,16.523504273504283,,0.0,0.0,2.235294117647059,1.1494407262834476,Cam Talbot,EDM
223,4094,2018,0.9893668438859352,22,0.10326086956521739,0.03737214791502754,0.0,0.09743589743589744,0.0,0.04015215553677092,0.0646082698585419,0.06696126006452137,1.0428767250592448,0.5043939948736724,0.0,0.10536823425022185,0.07692257462077431,0.0,0.0,0.0,0.0,0.0,,0.0,0.0,0.0,0.7880301008519423,Ken Appleby,NJD
224,4140,2018,1.000483325277912,28,1.411231884057971,1.4201416207710464,1.943351691581432,0.9743589743589743,0.9628378378378378,1.4187094956325725,1.4260807201503611,1.4267899259901862,1.0075623809302543,0.963566459172464,0.6597222222222222,1.4330079858030171,1.4255490038591885,1.3360473723168023,1.0603625323689614,0.9768637532133676,1.3395527702606467,1.651912741068605,,3.166666666666667,3.166666666666667,1.0106382978723405,1.0685964997133166,Keith Kinkaid,NJD
225,4174,2018,1.0086998550024167,31,1.3768115942028984,1.4948859166011015,1.2706530291109364,1.558974358974359,1.9256756756756757,1.525781910397295,1.442526461568899,1.4345162252284003,1.0009409414060688,1.0192237275723175,0.6597222222222222,1.306566104702751,1.4466406775455298,1.3360473723168023,1.0073444057505132,1.7095115681233934,1.4342686227033186,-18.6816313626304,,0.0,0.0,0.0,1.1115127109009322,Cory Schneider,NJD
226,4211,2019,0.9950378071833649,26,0.8889705882352942,0.951219512195122,1.5365853658536586,0.465,0.0,0.9729390431022457,0.9494210387357146,0.9470913361890286,1.0104341166897997,0.921330535585291,0.0,0.9018944519621108,0.9499110110712697,0.9767441860465116,1.256409612535469,0.4592592592592593,1.4040852575488456,-2.770408163265308,,1.409090909090909,1.409090909090909,3.263157894736842,1.1189816897753126,Louis Domingue,TBL
227,4257,2019,1.0059073724007561,28,0.10257352941176472,0.10975609756097561,0.14634146341463417,0.093,0.0,0.1556702468963593,0.11926224870818089,0.11565565842199807,0.9815009811898716,1.266829486429775,0.0,0.06292286874154261,0.11075195644777136,0.06976744186046512,0.7776661728147048,0.22962962962962966,0.0,0.0,,0.0,0.0,0.0,1.1307049231086794,Eddie Pasquale,TBL
228,4277,2019,1.010633270321361,24,1.8121323529411766,1.9390243902439026,2.853658536585366,0.93,1.3726937269372694,1.660482633561166,2.002904235657979,2.0368246510985215,1.0293519360551375,0.7677754463210759,3.6470588235294117,2.6008119079837617,1.9497212552673595,2.3720930232558137,1.499284333174296,1.6074074074074076,1.1425399644760215,40.40816326530615,,4.227272727272727,4.227272727272727,4.894736842105263,1.126716414470618,Andrei Vasilevskiy,TBL
