Year,Unnamed: 0,age,gp,gs,mp,fg,fga,fg%,3p,3pa,3p%,2p,2pa,2p%,efg%,ft,fta,ft%,orb,drb,trb,ast,stl,blk,tov,fouls,pts,selection
1950,111.0,25.94170403587444,50.28251121076233,0.0,0.0,2.4748878923766817,7.393721973094168,0.3227085201793723,0.0,0.0,0.0,2.4748878923766817,7.393721973094168,0.3227085201793723,0.3227085201793723,2.063228699551569,2.9130044843049334,0.6768968609865477,0.0,0.0,0.0,1.7556053811659187,0.0,0.0,0.0,2.4780269058295965,7.00403587443946,0.0
1951,290.0,26.037037037037038,50.1037037037037,0.0,0.0,2.7518518518518524,7.833333333333335,0.3381407407407408,0.0,0.0,0.0,2.7518518518518524,7.833333333333335,0.3381407407407408,0.3381407407407408,2.2585185185185197,3.09925925925926,0.7054518518518516,0.0,0.0,4.382962962962963,1.98,0.0,0.0,0.0,2.6918518518518524,7.760740740740741,0.0
1952,415.5,26.0,52.43103448275862,0.0,23.889655172413796,2.861206896551723,7.937931034482762,0.34635344827586223,0.0,0.0,0.0,2.861206896551723,7.937931034482762,0.34635344827586223,0.34635344827586223,2.35948275862069,3.249137931034483,0.6934827586206896,0.0,0.0,4.695689655172415,2.110344827586207,0.0,0.0,0.0,2.732758620689656,8.074999999999998,0.0
1953,535.5,26.008064516129032,51.71774193548387,0.0,23.44596774193549,2.6814516129032255,7.451612903225806,0.342491935483871,0.0,0.0,0.0,2.6814516129032255,7.451612903225806,0.342491935483871,0.342491935483871,2.4056451612903222,3.37741935483871,0.6963709677419352,0.0,0.0,4.354838709677421,2.027419354838709,0.0,0.0,0.0,2.9185483870967737,7.778225806451614,0.0
1954,652.5,25.9,54.42727272727273,0.0,22.315454545454546,2.5554545454545448,6.9700000000000015,0.34117272727272724,0.0,0.0,0.0,2.5554545454545448,6.9700000000000015,0.34117272727272724,0.34117272727272724,2.1336363636363647,3.029999999999999,0.6566181818181814,0.0,0.0,4.267272727272729,1.8700000000000003,0.0,0.0,0.0,2.4663636363636363,7.231818181818183,0.0
1955,760.0,26.01904761904762,51.78095238095238,0.0,22.344761904761896,2.9647619047619047,7.973333333333334,0.34840952380952384,0.0,0.0,0.0,2.9647619047619047,7.973333333333334,0.34840952380952384,0.34840952380952384,2.3514285714285723,3.2361904761904756,0.6769619047619047,0.0,0.0,4.717142857142857,2.202857142857143,0.0,0.0,0.0,2.3657142857142848,8.273333333333333,0.0
1956,858.5,25.77173913043478,60.70652173913044,0.0,23.205434782608688,3.3554347826086968,8.753260869565219,0.3746195652173911,0.0,0.0,0.0,3.3554347826086968,8.753260869565219,0.3746195652173911,0.3746195652173911,2.6815217391304342,3.606521739130435,0.7317826086956523,0.0,0.0,5.1717391304347835,2.298913043478261,0.0,0.0,0.0,2.5728260869565216,9.396739130434776,0.0
1957,954.0,26.0,55.85858585858586,0.0,22.459595959595966,3.279797979797981,8.759595959595957,0.3582626262626263,0.0,0.0,0.0,3.279797979797981,8.759595959595957,0.3582626262626263,0.3582626262626263,2.5222222222222226,3.3737373737373733,0.7046464646464651,0.0,0.0,5.168686868686869,1.7383838383838388,0.0,0.0,0.0,2.4040404040404044,9.074747474747472,0.0
1958,1053.0,26.242424242424242,55.494949494949495,0.0,22.394949494949486,3.5555555555555567,9.439393939393938,0.354070707070707,0.0,0.0,0.0,3.5555555555555567,9.439393939393938,0.354070707070707,0.354070707070707,2.5575757575757576,3.4707070707070704,0.6887878787878787,0.0,0.0,5.694949494949496,1.81919191919192,0.0,0.0,0.0,2.3858585858585855,9.668686868686867,0.0
1959,1148.5,25.902173913043477,60.22826086956522,0.0,23.34239130434782,3.8260869565217384,9.778260869565216,0.39227173913043484,0.0,0.0,0.0,3.8260869565217384,9.778260869565216,0.39227173913043484,0.39227173913043484,2.5815217391304346,3.4380434782608686,0.7111847826086957,0.0,0.0,5.755434782608695,1.9032608695652173,0.0,0.0,0.0,2.5173913043478255,10.236956521739131,0.0
1960,1244.0,26.19191919191919,58.05050505050505,0.0,22.74646464646464,4.1000000000000005,10.128282828282826,0.38389898989898985,0.0,0.0,0.0,4.1000000000000005,10.128282828282826,0.38389898989898985,0.38389898989898985,2.3808080808080803,3.2636363636363646,0.687080808080808,0.0,0.0,5.959595959595959,2.139393939393939,0.0,0.0,0.0,2.4808080808080812,10.572727272727272,0.0
1961,1340.0,26.118279569892472,64.73118279569893,0.0,23.22795698924731,4.289247311827958,10.448387096774194,0.3942150537634408,0.0,0.0,0.0,4.289247311827958,10.448387096774194,0.3942150537634408,0.3942150537634408,2.5784946236559136,3.526881720430106,0.7053978494623656,0.0,0.0,6.13440860215054,2.3172043010752694,0.0,0.0,0.0,2.6666666666666665,11.148387096774194,0.0
1962,1443.0,25.787610619469028,60.64601769911504,0.0,22.686725663716814,4.215929203539824,10.069026548672568,0.3926637168141593,0.0,0.0,0.0,4.215929203539824,10.069026548672568,0.3926637168141593,0.3926637168141593,2.467256637168142,3.401769911504426,0.6732831858407081,0.0,0.0,5.6929203539822995,2.278761061946903,0.0,0.0,0.0,2.456637168141593,10.904424778761062,0.0
1963,1558.0,25.77777777777778,59.376068376068375,0.0,21.88632478632479,3.9247863247863255,9.036752136752137,0.4141025641025642,0.0,0.0,0.0,3.9247863247863255,9.036752136752137,0.4141025641025642,0.4141025641025642,2.2709401709401704,3.166666666666666,0.6721880341880345,0.0,0.0,5.141880341880341,2.0717948717948715,0.0,0.0,0.0,2.436752136752137,10.116239316239314,0.0
1964,1672.0,26.135135135135137,61.78378378378378,0.0,22.587387387387377,3.941441441441441,9.224324324324323,0.41156756756756757,0.0,0.0,0.0,3.941441441441441,9.224324324324323,0.41156756756756757,0.41156756756756757,2.3072072072072074,3.2108108108108095,0.674072072072072,0.0,0.0,5.375675675675674,1.990990990990991,0.0,0.0,0.0,2.6297297297297284,10.186486486486487,0.0
1965,1784.5,25.82456140350877,60.6578947368421,0.0,22.23947368421052,3.864912280701755,9.188596491228074,0.4075701754385965,0.0,0.0,0.0,3.864912280701755,9.188596491228074,0.4075701754385965,0.4075701754385965,2.346491228070175,3.262280701754386,0.701140350877193,0.0,0.0,5.400877192982455,1.9359649122807003,0.0,0.0,0.0,2.492105263157894,10.062280701754386,0.08771929824561403
1966,1897.0,26.126126126126128,61.792792792792795,0.0,22.261261261261264,4.0549549549549555,9.507207207207207,0.4078198198198199,0.0,0.0,0.0,4.0549549549549555,9.507207207207207,0.4078198198198199,0.4078198198198199,2.433333333333334,3.3702702702702703,0.6790990990990989,0.0,0.0,5.5792792792792785,2.0936936936936936,0.0,0.0,0.0,2.506306306306307,10.544144144144148,0.09009009009009009
1967,2014.0,25.83739837398374,63.32520325203252,0.0,22.4528455284553,4.206504065040651,9.614634146341462,0.4228048780487804,0.0,0.0,0.0,4.206504065040651,9.614634146341462,0.4228048780487804,0.4228048780487804,2.5008130081300814,3.4203252032520326,0.7026260162601625,0.0,0.0,5.507317073170732,2.065853658536586,0.0,0.0,0.0,2.521951219512196,10.9130081300813,0.08130081300813008
1968,2151.0,25.85430463576159,62.443708609271525,0.0,22.223178807947015,4.077483443708608,9.237086092715233,0.42034437086092724,0.0,0.0,0.0,4.077483443708608,9.237086092715233,0.42034437086092724,0.42034437086092724,2.419867549668872,3.383443708609271,0.6756754966887415,0.0,0.0,5.284105960264898,2.104635761589403,0.0,0.0,0.0,2.481456953642384,10.577483443708608,0.06622516556291391
1969,2310.5,26.035714285714285,63.279761904761905,0.0,22.91666666666666,4.092261904761905,9.392857142857142,0.41727380952380955,0.0,0.0,0.0,4.092261904761905,9.392857142857142,0.41727380952380955,0.41727380952380955,2.3422619047619047,3.3017857142857148,0.6668511904761906,0.0,0.0,5.3892857142857125,2.176785714285715,0.0,0.0,0.0,2.5011904761904766,10.524404761904753,0.4523809523809524
1970,2480.0,26.35672514619883,63.771929824561404,0.0,22.82982456140349,4.2859649122807015,9.377777777777784,0.44252046783625726,0.0,0.0,0.0,4.2859649122807015,9.377777777777784,0.44252046783625726,0.44252046783625726,2.3742690058479536,3.1959064327485387,0.7237134502923976,0.0,0.0,5.005263157894738,2.3444444444444446,0.0,0.0,0.0,2.4187134502923966,10.946198830409354,0.935672514619883
1971,2674.0,25.93548387096774,61.645161290322584,0.0,22.045161290322586,3.9829493087557606,8.932718894009215,0.428811059907834,0.0,0.0,0.0,3.9829493087557606,8.932718894009215,0.428811059907834,0.428811059907834,2.1963133640553,2.9723502304147478,0.71110599078341,0.0,0.0,4.881105990783414,2.183870967741935,0.0,0.0,0.0,2.3152073732718903,10.162672811059908,0.43317972350230416
1972,2890.5,26.055555555555557,61.625,0.0,22.521759259259262,4.010185185185187,8.936574074074073,0.43034259259259217,0.0,0.0,0.0,4.010185185185187,8.936574074074073,0.43034259259259217,0.43034259259259217,2.1476851851851837,2.8879629629629626,0.7183101851851851,0.0,0.0,4.712500000000001,2.2203703703703703,0.0,0.0,0.0,2.273148148148149,10.162499999999996,0.4351851851851852
1973,3105.5,26.27102803738318,62.018691588785046,0.0,22.32196261682243,4.008878504672897,8.873831775700927,0.4331682242990654,0.0,0.0,0.0,4.008878504672897,8.873831775700927,0.4331682242990654,0.4331682242990654,1.7761682242990657,2.3579439252336467,0.7260000000000003,0.0,0.0,4.664485981308412,2.3084112149532716,0.0,0.0,0.0,2.20607476635514,9.791588785046727,0.8317757009345794
1974,3323.0,26.34389140271493,60.203619909502265,0.0,21.971493212669678,3.86289592760181,8.50859728506788,0.43540271493212646,0.0,0.0,0.0,3.86289592760181,8.50859728506788,0.43540271493212646,0.43540271493212646,1.772398190045249,2.3262443438914056,0.7102760180995474,1.3375565610859728,3.016742081447964,4.351131221719458,2.236199095022624,0.7904977375565608,0.4099547511312218,0.0,2.221266968325791,9.49547511312217,0.4253393665158371
1975,3551.0,26.314893617021276,61.85531914893617,0.0,22.26468085106383,3.776595744680852,8.341702127659573,0.43768085106382976,0.0,0.0,0.0,3.776595744680852,8.341702127659573,0.43768085106382976,0.43768085106382976,1.7459574468085122,2.299999999999999,0.7186680851063834,1.3144680851063821,3.048085106382978,4.361702127659575,2.168085106382979,0.8025531914893617,0.39234042553191495,0.0,2.3055319148936184,9.304680851063829,0.4
1976,3787.5,26.23949579831933,61.99159663865546,0.0,21.442436974789903,3.6579831932773086,8.046218487394958,0.43893697478991617,0.0,0.0,0.0,3.6579831932773086,8.046218487394958,0.43893697478991617,0.43893697478991617,1.7726890756302522,2.378571428571428,0.7212731092436977,1.2655462184873942,2.910084033613442,4.174369747899162,2.055462184873949,0.78781512605042,0.3848739495798316,0.0,2.2781512605042034,9.081512605042013,0.3949579831932773
1977,4054.0,25.915254237288135,62.08474576271186,0.0,21.442711864406785,3.75118644067797,8.155593220338986,0.44449491525423723,0.0,0.0,0.0,3.75118644067797,8.155593220338986,0.44449491525423723,0.44449491525423723,1.8572881355932198,2.498644067796612,0.7251966101694912,1.3410169491525425,2.8335593220338975,4.176949152542373,2.0789830508474574,0.8152542372881354,0.446440677966101,0.0,2.316271186440678,9.351525423728809,0.0
1978,4344.0,25.84561403508772,62.23508771929824,0.0,22.105614035087708,3.915789473684209,8.44245614035088,0.4446245614035085,0.0,0.0,0.0,3.915789473684209,8.44245614035088,0.4446245614035085,0.4446245614035085,1.9217543859649124,2.5652631578947367,0.7121438596491231,1.3635087719298244,2.8985964912280737,4.26421052631579,2.267719298245612,0.862105263157895,0.46070175438596445,1.8126315789473677,2.3487719298245615,9.755438596491237,0.20701754385964913
1979,4626.0,25.910394265232974,63.516129032258064,0.0,22.047670250896054,4.019354838709676,8.35698924731183,0.4649605734767025,0.0,0.0,0.0,4.019354838709676,8.35698924731183,0.4649605734767025,0.4649605734767025,1.9351254480286741,2.5810035842293915,0.7281863799283151,1.354480286738353,2.7433691756272394,4.091039426523295,2.329390681003585,0.8387096774193546,0.4763440860215051,1.7967741935483879,2.369175627240144,9.968100358422939,0.2078853046594982
1980,4908.5,26.136363636363637,61.61538461538461,1.4335664335664335,22.18181818181819,3.933566433566436,8.258391608391609,0.4607377622377621,0.06748251748251749,0.24790209790209802,0.14676223776223776,3.8632867132867146,8.002097902097903,0.4663916083916084,0.46473776223776203,1.9139860139860143,2.5293706293706295,0.7336398601398598,1.3625874125874138,2.712937062937063,4.077622377622375,2.3367132867132856,0.8482517482517483,0.48671328671328645,1.7314685314685307,2.303146853146853,9.84895104895105,0.4965034965034965
1981,5203.0,25.924092409240924,61.28712871287129,1.353135313531353,21.90693069306932,3.8033003300329993,7.956765676567654,0.45979867986798684,0.04092409240924089,0.1854785478547858,0.12103960396039608,3.758415841584155,7.767656765676571,0.46508910891089145,0.4626996699669968,1.928052805280528,2.5996699669967,0.7067095709570955,1.3122112211221133,2.5993399339933996,3.9095709570957102,2.3125412541254127,0.8161716171617172,0.47095709570957045,1.690429042904291,2.3333333333333344,9.582838283828382,4.108910891089109
1982,5511.5,26.047770700636942,60.99363057324841,29.93312101910828,21.257006369426765,3.7232484076433106,7.63630573248408,0.4740764331210196,0.05031847133757957,0.20191082802547794,0.14422929936305742,3.6691082802547776,7.4286624203821665,0.4796592356687899,0.47752866242038267,1.8200636942675152,2.468152866242038,0.7055891719745219,1.247770700636944,2.5095541401273898,3.752866242038217,2.1840764331210205,0.7442675159235668,0.45796178343949095,1.5378980891719738,2.3818471337579594,9.314968152866252,6.318471337579618
1983,5825.5,26.06687898089172,60.939490445859875,29.56687898089172,21.116560509554137,3.7175159235668773,7.730891719745219,0.46587898089171936,0.04458598726114646,0.19872611464968187,0.11726751592356696,3.672292993630571,7.5318471337579584,0.4716783439490444,0.46887261146496817,1.8089171974522287,2.455095541401273,0.7016974522292997,1.2939490445859871,2.55732484076433,3.850955414012736,2.2474522292993626,0.7707006369426749,0.4808917197452225,1.6484076433121009,2.31656050955414,9.285350318471332,10.006369426751592
1984,6137.0,26.132686084142396,62.95145631067961,30.25242718446602,20.74660194174759,3.6394822006472474,7.4595469255663405,0.47335275080906175,0.049190938511326825,0.2093851132686087,0.13843042071197412,3.58640776699029,7.24692556634304,0.479938511326861,0.4766860841423948,1.899352750809061,2.5268608414239475,0.7162880258899678,1.2148867313915852,2.446925566343042,3.662783171521037,2.2388349514563086,0.7343042071197415,0.447249190938511,1.5271844660194172,2.2889967637540476,9.230420711974116,11.906148867313917
1985,6450.0,26.230283911671926,60.3186119873817,29.470031545741325,21.08422712933756,3.704731861198738,7.648264984227134,0.4637255520504733,0.07255520504731867,0.27192429022082004,0.13308832807570983,3.6312302839116715,7.373817034700315,0.47199053627760246,0.46787697160883257,1.9192429022082018,2.536908517350157,0.7249432176656155,1.2397476340694,2.5018927444794943,3.737854889589908,2.2817034700315464,0.7482649842271287,0.44858044164037814,1.5630914826498417,2.229652996845426,9.404731861198739,14.037854889589905
1986,6769.5,26.38198757763975,59.91614906832298,29.20186335403727,20.98322981366461,3.7021739130434757,7.6944099378881985,0.4625372670807457,0.07639751552795039,0.2909937888198756,0.13940372670807455,3.6226708074534155,7.39875776397515,0.46999689440993814,0.46769875776397546,1.9850931677018646,2.657142857142857,0.7085714285714283,1.2316770186335393,2.548136645962733,3.780745341614907,2.219254658385092,0.7692546583850939,0.4527950310559003,1.549999999999999,2.281677018633543,9.468322981366457,15.124223602484472
1987,7097.5,26.362275449101798,57.41616766467066,28.143712574850298,20.75838323353293,3.5766467065868266,7.564371257485031,0.45718562874251484,0.11437125748503006,0.39820359281437084,0.1408353293413174,3.4607784431137736,7.165568862275445,0.469748502994012,0.4641497005988027,1.9488023952095794,2.5835329341317377,0.7172814371257485,1.2637724550898204,2.4655688622754495,3.72994011976048,2.201197604790418,0.7419161676646707,0.4556886227544903,1.471856287425149,2.1901197604790417,9.213772455089819,16.577844311377245
1988,7430.0,26.598187311178247,58.012084592145015,28.48942598187311,20.802416918429003,3.5525679758308146,7.489728096676737,0.45526888217522665,0.12990936555891258,0.4308157099697881,0.155655589123867,3.4199395770392735,7.058006042296073,0.46522356495468253,0.46354984894259843,1.8921450151057404,2.4954682779456205,0.7305468277945619,1.2141993957703938,2.453474320241692,3.668277945619336,2.1758308157099684,0.7410876132930515,0.45438066465256705,1.446827794561934,2.1495468277945635,9.125679758308152,18.764350453172206
1989,7771.5,26.62784090909091,59.63920454545455,29.119318181818183,20.548011363636355,3.5392045454545458,7.502840909090901,0.4489318181818181,0.16732954545454565,0.54090909090909,0.16926988636363646,3.3696022727272705,6.96164772727273,0.4598778409090912,0.4594857954545457,1.8446022727272726,2.4207386363636365,0.7146022727272728,1.2272727272727277,2.4877840909090887,3.716477272727273,2.160795454545454,0.7732954545454547,0.4434659090909085,1.451988636363637,2.0707386363636364,9.09829545454545,19.349431818181817
1990,8137.5,26.74736842105263,59.02894736842105,29.13157894736842,20.60684210526317,3.4663157894736836,7.383157894736844,0.4473473684210528,0.17657894736842122,0.5576315789473679,0.18475526315789484,3.2886842105263177,6.823684210526315,0.4586105263157896,0.45809473684210533,1.835000000000001,2.4181578947368414,0.7156315789473686,1.1850000000000005,2.4726315789473676,3.6589473684210523,2.096052631578948,0.727105263157894,0.422368421052631,1.3502631578947375,2.0576315789473685,8.950789473684203,19.4
1991,8520.5,26.821243523316063,58.40155440414508,28.678756476683937,20.81554404145077,3.495595854922279,7.453108808290156,0.45469689119171003,0.19611398963730567,0.6217616580310873,0.17928756476683944,3.3002590673575116,6.832124352331607,0.4673652849740933,0.4665725388601041,1.8240932642487064,2.396891191709846,0.7261606217616582,1.1992227979274612,2.5033678756476685,3.703886010362695,2.138341968911916,0.729274611398964,0.44948186528497364,1.3608808290155447,2.0525906735751307,9.008808290155438,20.569948186528496
1992,8906.5,26.865284974093264,58.11658031088083,28.678756476683937,20.657253886010373,3.469430051813471,7.44559585492228,0.4479766839378239,0.21891191709844568,0.6647668393782381,0.1850440414507773,3.2489637305699492,6.7779792746114,0.460461139896373,0.46121761658031135,1.710103626943006,2.2678756476683937,0.7110155440414503,1.2225388601036271,2.491191709844559,3.711917098445592,2.0637305699481865,0.7331606217616581,0.46865284974093263,1.308808290155441,1.9735751295336785,8.862435233160621,22.588082901554404
1993,9294.5,26.966666666666665,57.72051282051282,28.384615384615383,20.762307692307694,3.448205128205126,7.361282051282057,0.45867179487179516,0.2479487179487179,0.754615384615384,0.19017435897435894,3.1976923076923085,6.604358974358981,0.4736000000000004,0.47372307692307725,1.7861538461538473,2.3951282051282066,0.715582051282052,1.198205128205128,2.48974358974359,3.6853846153846166,2.079230769230769,0.7330769230769227,0.44333333333333313,1.3510256410256416,2.060000000000001,8.935384615384613,23.053846153846155
1994,9691.0,26.95533498759305,55.977667493796524,27.468982630272954,20.239454094292814,3.210173697270472,6.986600496277918,0.4466029776674938,0.26575682382133975,0.8148883374689831,0.19381885856079387,2.9426799007444178,6.167741935483874,0.4596898263027291,0.4646625310173701,1.6133995037220843,2.231265508684864,0.6895161290322575,1.1888337468982626,2.452605459057071,3.638709677419354,1.995781637717121,0.7290322580645161,0.4419354838709674,1.3047146401985112,1.9640198511166247,8.301488833746896,22.43424317617866
1995,10095.5,27.344827586206897,55.04679802955665,27.266009852216747,20.720689655172418,3.171182266009849,6.909113300492612,0.4404482758620693,0.450492610837438,1.2935960591133016,0.23232266009852212,2.7155172413793096,5.614532019704429,0.4637832512315273,0.4692980295566501,1.6923645320197045,2.29655172413793,0.7078817733990145,1.1078817733990147,2.4071428571428575,3.5160098522167487,1.9756157635467984,0.7046798029556652,0.42857142857142827,1.3366995073891628,2.106650246305418,8.482758620689664,22.891625615763548
1996,10512.5,27.289719626168225,55.68457943925234,27.700934579439252,20.86588785046732,3.1317757009345812,6.860046728971964,0.4451915887850467,0.49672897196261667,1.3728971962616818,0.23952803738317754,2.632242990654209,5.487616822429905,0.46491121495327153,0.47750000000000004,1.6605140186915903,2.2670560747663555,0.6988644859813082,1.1004672897196266,2.448130841121494,3.544626168224299,1.9280373831775708,0.6897196261682237,0.42733644859813025,1.3401869158878505,2.0941588785046745,8.415887850467284,25.22196261682243
1997,10947.0,27.573696145124718,53.87074829931973,26.961451247165535,20.657369614512476,2.9918367346938757,6.688888888888889,0.4320566893424038,0.4925170068027212,1.4018140589569175,0.23609750566893428,2.4977324263038545,5.286167800453513,0.4512585034013606,0.46567346938775517,1.5519274376417247,2.1253968253968254,0.6912335600907028,1.1090702947845807,2.4353741496598635,3.546485260770973,1.8213151927437645,0.7038548752834467,0.4233560090702947,1.2929705215419505,1.980045351473923,8.027437641723358,24.875283446712018
1998,11387.0,27.656036446469248,54.67198177676538,27.084282460136674,20.49316628701594,2.9870159453302936,6.7214123006833715,0.4288268792710705,0.3583143507972664,1.061275626423691,0.20567425968109332,2.6255125284738035,5.659453302961277,0.44574943052391824,0.45385876993166285,1.6198177676537573,2.211389521640092,0.6879134396355355,1.112528473804101,2.4036446469248287,3.5164009111617296,1.8195899772209556,0.7170842824601362,0.423462414578587,1.279726651480638,1.981776765375853,7.948063781321184,25.10250569476082
1999,11826.5,27.572727272727274,33.91136363636364,16.477272727272727,19.868181818181828,2.7375,6.3506818181818145,0.4130681818181815,0.35318181818181815,1.0475000000000003,0.19102272727272734,2.383636363636362,5.299545454545451,0.4274318181818178,0.43828863636363613,1.519772727272728,2.107272727272728,0.6655022727272724,1.063636363636363,2.3572727272727256,3.416363636363634,1.650909090909091,0.6750000000000002,0.4011363636363632,1.2277272727272712,1.9190909090909103,7.3440909090909114,25.525
2000,12266.0,27.674259681093393,55.348519362186785,27.084282460136674,20.493166287015914,3.020728929384966,6.8494305239179925,0.4285375854214122,0.3899772209567198,1.138496583143508,0.21275626423690208,2.633257403189067,5.709111617312069,0.4452369020501139,0.45380182232346244,1.543052391799544,2.075398633257403,0.7006947608200458,1.0726651480637823,2.5726651480637783,3.6453302961275624,1.8496583143507974,0.6706150341685647,0.42779043280182194,1.2605922551252844,2.0441913439635546,7.9733485193621885,24.047835990888384
2001,12706.0,27.662131519274375,54.358276643990926,26.961451247165535,20.685941043083904,2.946485260770972,6.736961451247167,0.42269841269841263,0.39138321995464814,1.1217687074829934,0.22106575963718827,2.553968253968253,5.609977324263044,0.43537641723355985,0.448687074829932,1.5287981859410427,2.0693877551020408,0.6865600907029484,1.0333333333333339,2.584353741496599,3.6188208616780067,1.8235827664399116,0.670748299319727,0.43854875283446687,1.2331065759637179,1.9814058956916103,7.811791383219956,24.582766439909296
2002,13146.5,27.20909090909091,54.33863636363636,27.022727272727273,20.832045454545465,3.0320454545454547,6.9075000000000015,0.42654545454545467,0.4225,1.2275,0.2156886363636364,2.607045454545456,5.678636363636363,0.44355000000000044,0.4529750000000003,1.4965909090909089,2.0065909090909098,0.7042704545454546,1.0570454545454546,2.578863636363635,3.6334090909090895,1.841590909090909,0.6688636363636358,0.4481818181818177,1.2020454545454538,1.9045454545454563,7.982045454545448,25.113636363636363
2003,13580.5,27.07943925233645,55.9322429906542,27.7803738317757,20.564953271028045,2.9546728971962604,6.772663551401872,0.4165490654205606,0.4137850467289717,1.2028037383177574,0.2115934579439252,2.538084112149529,5.571495327102803,0.4329672897196258,0.44233878504672886,1.5261682242990653,2.0285046728971956,0.7023644859813082,1.0481308411214956,2.5495327102803733,3.593691588785046,1.7829439252336439,0.6724299065420569,0.4336448598130836,1.2189252336448597,1.9285046728971962,7.8490654205607395,24.287383177570092
2004,14015.5,27.004524886877828,54.05882352941177,26.900452488687783,20.589366515837117,2.911312217194568,6.725791855203629,0.4194389140271496,0.42058823529411726,1.2314479638009055,0.21197737556561094,2.4902714932126693,5.499773755656111,0.4338076923076925,0.4465859728506791,1.5038461538461532,2.0196832579185524,0.7003574660633487,1.0400452488687781,2.546606334841628,3.58348416289593,1.758597285067873,0.6692307692307695,0.4171945701357459,1.235972850678733,1.9079185520361976,7.745248868778281,25.217194570135746
2005,14468.5,26.85560344827586,53.7823275862069,26.50862068965517,20.71530172413793,2.99935344827586,6.790732758620689,0.431034482758621,0.458405172413793,1.3163793103448287,0.2183943965517241,2.5420258620689666,5.476293103448278,0.44869612068965514,0.4600366379310347,1.6303879310344838,2.1808189655172416,0.7014956896551723,1.0374999999999994,2.538146551724138,3.5775862068965547,1.7741379310344811,0.6463362068965508,0.41336206896551664,1.1931034482758611,2.026293103448276,8.088146551724138,24.995689655172413
2006,14929.5,26.449781659388645,54.40174672489083,26.85589519650655,20.50873362445416,2.956113537117903,6.583624454148469,0.43694104803493455,0.4604803493449779,1.3041484716157208,0.22255458515283838,2.4949781659388637,5.278165938864631,0.45527729257641963,0.46656331877729224,1.6122270742358091,2.185371179039301,0.6926943231441046,0.9528384279475989,2.534497816593885,3.4831877729257608,1.6890829694323142,0.6034934497816598,0.39672489082969387,1.1805676855895202,2.0015283842794753,7.9823144104803525,23.66812227074236
2007,15387.5,26.395196506550217,54.77292576419214,26.85589519650655,20.642139737991272,3.0327510917030573,6.6997816593886474,0.43636244541484714,0.5008733624454147,1.41288209606987,0.22094104803493458,2.533842794759826,5.28864628820961,0.45521834061135347,0.4700065502183409,1.641703056768559,2.2056768558951974,0.7063973799126637,0.9635371179039305,2.5408296943231456,3.5030567685589498,1.7661572052401744,0.616593886462882,0.39039301310043595,1.251091703056767,1.9711790393013098,8.208733624454148,23.866812227074234
2008,15841.5,26.74222222222222,55.27777777777778,27.333333333333332,20.635555555555555,3.0902222222222213,6.848444444444439,0.4416022222222222,0.5393333333333331,1.5173333333333345,0.22551999999999991,2.5484444444444474,5.32911111111111,0.46259111111111106,0.4771800000000001,1.5635555555555543,2.098222222222223,0.7035822222222216,0.971555555555556,2.612888888888888,3.583555555555553,1.822222222222222,0.6195555555555554,0.41466666666666563,1.1613333333333336,1.8651111111111105,8.283333333333331,24.448888888888888
2009,16288.5,26.513513513513512,55.46621621621622,27.7027027027027,21.072072072072064,3.1740990990990965,7.0029279279279315,0.4459617117117115,0.5578828828828827,1.5452702702702699,0.2455270270270271,2.6157657657657665,5.454279279279276,0.46518693693693675,0.48252252252252237,1.6137387387387392,2.11936936936937,0.7101238738738744,0.9885135135135142,2.642567567567568,3.628153153153155,1.7759009009009012,0.62972972972973,0.4344594594594587,1.173423423423423,1.8975225225225225,8.518468468468473,25.114864864864863
2010,16731.5,26.626696832579185,56.13800904977376,27.828054298642535,21.144117647058806,3.2194570135746576,7.031221719457006,0.4514524886877827,0.5502262443438911,1.5662895927601819,0.23329185520361986,2.6699095022624433,5.463122171945697,0.47780995475113097,0.48724208144796344,1.5884615384615393,2.113122171945701,0.7047239819004528,0.9848416289592762,2.675113122171943,3.6576923076923067,1.8047511312217197,0.625113122171945,0.42828054298642465,1.1843891402714937,1.8977375565610846,8.571266968325789,24.282805429864254
2011,17178.5,26.68141592920354,55.64823008849557,27.212389380530972,20.67079646017697,3.0805309734513244,6.785619469026551,0.4417610619469026,0.529867256637168,1.5017699115044245,0.23130973451327447,2.5508849557522093,5.284513274336278,0.4646238938053094,0.4773871681415931,1.5221238938053105,2.0203539823008834,0.6991681415929204,0.9493362831858406,2.607964601769909,3.5539823008849565,1.7676991150442485,0.6199115044247787,0.42278761061946857,1.1626106194690269,1.8515486725663717,8.20619469026549,24.778761061946902
2012,17643.5,26.64225941422594,43.42677824267783,20.711297071129707,20.61401673640166,3.0016736401673607,6.802301255230127,0.4285585774058582,0.5345188284518826,1.5707112970711303,0.22952301255230112,2.4667364016736406,5.23179916317992,0.4550669456066947,0.46485355648535576,1.3966527196652718,1.870711297071132,0.6955209205020919,0.9654811715481172,2.601046025104601,3.5625523012552303,1.7462343096234305,0.6556485355648533,0.42656903765690335,1.1972803347280339,1.7338912133891218,7.928870292887033,25.184100418410043
2013,18116.5,26.621794871794872,55.01923076923077,26.26068376068376,20.247863247863226,3.0130341880341907,6.7764957264957175,0.43212179487179486,0.5797008547008546,1.6621794871794882,0.2411324786324785,2.437393162393162,5.11388888888889,0.459431623931624,0.47169444444444447,1.3596153846153858,1.8224358974358967,0.6955363247863242,0.9485042735042735,2.577350427350427,3.526923076923078,1.8117521367521363,0.6423076923076934,0.424786324786324,1.1743589743589744,1.7151709401709396,7.967307692307695,24.743589743589745
2014,18591.0,26.509355509355508,53.25363825363825,25.571725571725572,20.056964656964634,3.0372141372141366,6.766320166320166,0.43462162162162166,0.625155925155926,1.7665280665280652,0.24541787941787935,2.411850311850312,4.997297297297296,0.46406237006236994,0.4787525987525985,1.4072765072765054,1.8798336798336808,0.6923804573804573,0.9064449064449063,2.622869022869025,3.5305613305613317,1.7835758835758848,0.6334719334719335,0.39230769230769175,1.1735966735966743,1.7708939708939704,8.102910602910603,24.742203742203742
2015,19077.5,26.536585365853657,52.80691056910569,25.0,20.175406504065023,3.0432926829268294,6.89654471544716,0.4312723577235767,0.6467479674796748,1.8827235772357722,0.2541544715447155,2.3977642276422753,5.014430894308942,0.4610325203252029,0.4763191056910567,1.392886178861788,1.8758130081300814,0.7016402439024397,0.8977642276422757,2.651422764227641,3.543292682926829,1.8195121951219497,0.648577235772357,0.38719512195121897,1.1522357723577226,1.7359756097560948,8.122560975609764,24.45528455284553
2016,19561.5,26.59453781512605,54.785714285714285,25.840336134453782,20.16008403361344,3.1132352941176493,6.951890756302524,0.44315756302520926,0.6880252100840336,1.9638655462184886,0.27019957983193277,2.426470588235292,4.988865546218491,0.4748487394957981,0.4904222689075625,1.4348739495798302,1.911554621848741,0.7196197478991592,0.8703781512605058,2.7548319327731092,3.620378151260503,1.8258403361344517,0.6533613445378152,0.4151260504201679,1.1468487394957974,1.7445378151260513,8.349369747899166,24.605042016806724
2017,20042.5,26.40740740740741,53.781893004115226,25.308641975308642,19.900205761316876,3.120164609053499,6.913991769547324,0.44037037037037013,0.768106995884774,2.1845679012345687,0.2771769547325104,2.352880658436214,4.728189300411519,0.48072633744855947,0.4924547325102878,1.424897119341563,1.8606995884773652,0.7182798353909461,0.8514403292181075,2.71522633744856,3.5652263374485567,1.8302469135802475,0.6253086419753086,0.39259259259259205,1.0981481481481472,1.680246913580246,8.426748971193415,22.897119341563787
2018,20555.5,26.090740740740742,48.34444444444444,22.77777777777778,19.191666666666684,3.0364814814814833,6.717777777777777,0.4407870370370368,0.8114814814814814,2.291296296296296,0.28385000000000016,2.224259259259259,4.428888888888889,0.48207407407407404,0.4985537037037035,1.2801851851851846,1.6753703703703715,0.6866777777777775,0.7664814814814819,2.6131481481481478,3.377777777777778,1.8175925925925938,0.6172222222222221,0.37018518518518495,1.0861111111111108,1.6283333333333325,8.160740740740737,22.475925925925925
2019,21090.5,25.89622641509434,49.24716981132075,23.20754716981132,19.36169811320754,3.1920754716981135,7.032641509433964,0.43991132075471695,0.8766037735849058,2.5303773584905636,0.2902811320754715,2.3156603773584887,4.503396226415092,0.49117735849056615,0.5002999999999994,1.355283018867923,1.7943396226415076,0.6967754716981138,0.838867924528302,2.776037735849055,3.6132075471698104,1.9215094339622658,0.6177358490566037,0.3913207547169806,1.0660377358490567,1.7277358490566042,8.613584905660383,22.175471698113206
